JULIJSKE ALPE,Izračun: Sreda 26.08.2026 14 CEST,Sr 20 CEST,Sr 23 CEST,Če 02 CEST,Če 05 CEST,Če 08 CEST,Če 11 CEST,Če 14 CEST,Če 17 CEST,Če 20 CEST,Če 23 CEST,Pe 02 CEST,Pe 05 CEST,Pe 08 CEST,Pe 11 CEST,Pe 14 CEST,Pe 17 CEST,Pe 20 CEST,Pe 23 CEST,So 02 CEST,So 05 CEST,So 08 CEST,So 11 CEST,So 14 CEST,So 17 CEST,So 20 CEST,So 23 CEST,Ne 02 CEST,Ne 05 CEST,Ne 08 CEST,Ne 11 CEST,Ne 14 CEST
JULIJSKE ALPE,,,,,,,,,,,,,,,,,,,,,,,,,,,,,,,,
JULIJSKE ALPE,Vreme na 2500 m,oblačno,oblačno,jasno,jasno,jasno,pretežno oblačno,delno oblačno,pretežno oblačno,pretežno jasno,pretežno oblačno,pretežno jasno,oblačno,jasno,pretežno oblačno,pretežno jasno,pretežno oblačno,pretežno jasno,pretežno oblačno,jasno rahel/-lo/-la dež,pretežno oblačno,pretežno oblačno,oblačno rahel/-lo/-la dež,pretežno oblačno rahel/-lo/-la dež,delno oblačno rahel/-lo/-la dež,pretežno oblačno rahel/-lo/-la dež,delno oblačno rahel/-lo/-la dež,oblačno,oblačno,pretežno oblačno,pretežno oblačno rahel/-lo/-la dež,delno oblačno rahel/-lo/-la dež
JULIJSKE ALPE,Vreme na 1500 m,oblačno,oblačno,jasno,jasno,jasno,pretežno oblačno,delno oblačno,pretežno oblačno,pretežno jasno,pretežno oblačno,pretežno jasno,oblačno,jasno,pretežno oblačno,pretežno jasno,pretežno oblačno,pretežno jasno,pretežno oblačno,jasno rahel/-lo/-la dež,pretežno oblačno,pretežno oblačno,oblačno rahel/-lo/-la dež,pretežno oblačno rahel/-lo/-la dež,delno oblačno rahel/-lo/-la dež,pretežno oblačno rahel/-lo/-la dež,delno oblačno rahel/-lo/-la dež,oblačno,oblačno,pretežno oblačno,pretežno oblačno rahel/-lo/-la dež,delno oblačno rahel/-lo/-la dež
JULIJSKE ALPE,,,,,,,,,,,,,,,,,,,,,,,,,,,,,,,,
JULIJSKE ALPE,Temperatura,,,,,,,,,,,,,,,,,,,,,,,,,,,,,,,
JULIJSKE ALPE,na 5500 m,-8 °C,-9 °C,-8 °C,-8 °C,-8 °C,-8 °C,-7 °C,-6 °C,-6 °C,-6 °C,-5 °C,-5 °C,-6 °C,-5 °C,-4 °C,-4 °C,-6 °C,-6 °C,-8 °C,-8 °C,-9 °C,-9 °C,-9 °C,-8 °C,-8 °C,-8 °C,-8 °C,-8 °C,-8 °C,-8 °C,-8 °C
JULIJSKE ALPE,na 3000 m,8 °C,8 °C,8 °C,10 °C,10 °C,11 °C,11 °C,12 °C,12 °C,14 °C,14 °C,14 °C,14 °C,13 °C,12 °C,12 °C,10 °C,9 °C,8 °C,8 °C,7 °C,7 °C,6 °C,6 °C,6 °C,6 °C,6 °C,6 °C,6 °C,6 °C,7 °C
JULIJSKE ALPE,na 2500 m,11 °C,11 °C,11 °C,12 °C,14 °C,14 °C,13 °C,15 °C,15 °C,16 °C,17 °C,16 °C,17 °C,17 °C,16 °C,15 °C,14 °C,12 °C,12 °C,11 °C,10 °C,9 °C,9 °C,9 °C,9 °C,9 °C,9 °C,9 °C,8 °C,9 °C,9 °C
JULIJSKE ALPE,na 2000 m,14 °C,14 °C,14 °C,13 °C,15 °C,16 °C,16 °C,17 °C,17 °C,18 °C,18 °C,18 °C,19 °C,18 °C,19 °C,18 °C,17 °C,15 °C,15 °C,14 °C,12 °C,12 °C,12 °C,12 °C,12 °C,12 °C,12 °C,12 °C,12 °C,12 °C,13 °C
JULIJSKE ALPE,na 1500 m,17 °C,17 °C,17 °C,16 °C,16 °C,19 °C,21 °C,20 °C,18 °C,19 °C,18 °C,19 °C,20 °C,20 °C,23 °C,21 °C,19 °C,18 °C,17 °C,17 °C,15 °C,15 °C,16 °C,17 °C,15 °C,14 °C,14 °C,14 °C,14 °C,15 °C,18 °C
JULIJSKE ALPE,na 1000 m,20 °C,20 °C,20 °C,19 °C,19 °C,22 °C,25 °C,24 °C,21 °C,21 °C,21 °C,22 °C,22 °C,24 °C,26 °C,25 °C,22 °C,21 °C,20 °C,20 °C,18 °C,18 °C,20 °C,21 °C,19 °C,18 °C,17 °C,17 °C,17 °C,19 °C,21 °C
JULIJSKE ALPE,na 500 m,24 °C,24 °C,23 °C,22 °C,22 °C,26 °C,28 °C,28 °C,25 °C,25 °C,24 °C,25 °C,26 °C,28 °C,30 °C,28 °C,26 °C,25 °C,24 °C,23 °C,22 °C,22 °C,23 °C,24 °C,22 °C,21 °C,20 °C,21 °C,20 °C,22 °C,25 °C
JULIJSKE ALPE,,,,,,,,,,,,,,,,,,,,,,,,,,,,,,,,
JULIJSKE ALPE,Višina ničte izoterme,4353 m,4214 m,4363 m,4389 m,4367 m,4380 m,4541 m,4604 m,4763 m,4790 m,4862 m,4836 m,4764 m,4818 m,4790 m,4688 m,4645 m,4417 m,4165 m,4248 m,4166 m,4185 m,4175 m,4138 m,4120 m,4073 m,4082 m,4033 m,4126 m,4199 m,4185 m
JULIJSKE ALPE,Meja sneženja,4052 m,3940 m,4014 m,4134 m,4095 m,4131 m,4256 m,4331 m,4501 m,4537 m,4594 m,4579 m,4520 m,4545 m,4472 m,4292 m,4388 m,4075 m,3859 m,3947 m,3859 m,3836 m,3863 m,3781 m,3765 m,3719 m,3770 m,3664 m,3710 m,3750 m,3762 m
JULIJSKE ALPE,,,,,,,,,,,,,,,,,,,,,,,,,,,,,,,,
JULIJSKE ALPE,Veter,,,,,,,,,,,,,,,,,,,,,,,,,,,,,,,
JULIJSKE ALPE,na 5500 m,močan zahod,zmeren zahod,zmeren zahod,močan zahod,močan zahod,močan zahod,močan zahod,močan zahod,močan zahod,močan zahod,močan zahod,močan zahod,močan zahod,močan zahod,močan zahod,močan zahod,močan zahod,močan jugo-zahod,močan jugo-zahod,močan zahod,močan jugo-zahod,močan jugo-zahod,močan zahod,močan zahod,zmeren zahod,zmeren zahod,zmeren zahod,zmeren zahod,zmeren zahod,zmeren zahod,zmeren zahod
JULIJSKE ALPE,hitrost,65 km/h,35 km/h,48 km/h,67 km/h,64 km/h,63 km/h,73 km/h,68 km/h,64 km/h,60 km/h,69 km/h,63 km/h,60 km/h,71 km/h,88 km/h,98 km/h,116 km/h,107 km/h,91 km/h,86 km/h,79 km/h,76 km/h,67 km/h,58 km/h,44 km/h,37 km/h,35 km/h,35 km/h,32 km/h,31 km/h,30 km/h
JULIJSKE ALPE,na 3000 m,zmeren zahod,zmeren jugo-zahod,zmeren zahod,zmeren zahod,zmeren zahod,zmeren zahod,zmeren zahod,zmeren zahod,zmeren zahod,zmeren zahod,močan zahod,močan zahod,močan zahod,močan zahod,močan zahod,močan zahod,močan zahod,močan jugo-zahod,močan jugo-zahod,močan jugo-zahod,zmeren jugo-zahod,zmeren jugo-zahod,zmeren jugo-zahod,zmeren jugo-zahod,zmeren zahod,zmeren jugo-zahod,zmeren jugo-zahod,zmeren zahod,rahel jugo-zahod,rahel jugo-zahod,rahel jugo-zahod
JULIJSKE ALPE,hitrost,20 km/h,27 km/h,34 km/h,39 km/h,26 km/h,36 km/h,49 km/h,50 km/h,49 km/h,41 km/h,62 km/h,75 km/h,72 km/h,78 km/h,90 km/h,115 km/h,102 km/h,80 km/h,83 km/h,73 km/h,49 km/h,37 km/h,28 km/h,21 km/h,24 km/h,22 km/h,23 km/h,19 km/h,11 km/h,10 km/h,12 km/h
JULIJSKE ALPE,na 2500 m,rahel jugo-zahod,zmeren jugo-zahod,zmeren jugo-zahod,zmeren zahod,zmeren zahod,zmeren zahod,zmeren zahod,zmeren zahod,zmeren zahod,zmeren zahod,močan zahod,močan zahod,močan zahod,močan zahod,močan zahod,močan zahod,močan zahod,močan jugo-zahod,močan jugo-zahod,zmeren jugo-zahod,zmeren jugo-zahod,zmeren jugo-zahod,zmeren jugo-zahod,rahel jugo-zahod,rahel jugo-zahod,zmeren jugo-zahod,zmeren zahod,rahel jugo-zahod,rahel jugo-zahod,rahel jug,rahel jug
JULIJSKE ALPE,hitrost,13 km/h,27 km/h,26 km/h,30 km/h,26 km/h,33 km/h,30 km/h,44 km/h,50 km/h,39 km/h,60 km/h,74 km/h,71 km/h,64 km/h,77 km/h,92 km/h,83 km/h,67 km/h,68 km/h,53 km/h,32 km/h,31 km/h,23 km/h,15 km/h,14 km/h,18 km/h,25 km/h,18 km/h,11 km/h,6 km/h,11 km/h
JULIJSKE ALPE,na 2000 m,rahel jugo-zahod,zmeren jugo-zahod,rahel jugo-zahod,rahel zahod,rahel zahod,zmeren jugo-zahod,rahel zahod,zmeren jugo-zahod,zmeren zahod,zmeren zahod,zmeren zahod,zmeren zahod,zmeren zahod,zmeren jugo-zahod,zmeren zahod,močan jugo-zahod,močan jugo-zahod,zmeren jugo-zahod,zmeren jugo-zahod,zmeren jugo-zahod,zmeren jugo-zahod,rahel jugo-zahod,rahel jug,rahel jug,rahel jug,rahel jugo-zahod,rahel jugo-zahod,rahel jugo-zahod,rahel jug,rahel jugo-vzhod,rahel jug
JULIJSKE ALPE,hitrost,9 km/h,18 km/h,13 km/h,14 km/h,15 km/h,20 km/h,12 km/h,22 km/h,35 km/h,25 km/h,32 km/h,47 km/h,45 km/h,40 km/h,48 km/h,62 km/h,62 km/h,45 km/h,39 km/h,30 km/h,20 km/h,11 km/h,12 km/h,8 km/h,6 km/h,9 km/h,13 km/h,10 km/h,4 km/h,6 km/h,5 km/h
JULIJSKE ALPE,na 1500 m,rahel jugo-zahod,rahel jugo-zahod,rahel jugo-zahod,rahel zahod,rahel jugo-zahod,rahel jugo-zahod,rahel jugo-zahod,rahel jugo-zahod,rahel jugo-zahod,rahel jugo-zahod,rahel jugo-zahod,rahel jugo-zahod,rahel jugo-zahod,rahel jugo-zahod,zmeren jugo-zahod,zmeren jugo-zahod,zmeren jugo-zahod,rahel jugo-zahod,rahel jugo-zahod,rahel jugo-zahod,rahel jugo-zahod,rahel jugo-vzhod,rahel jug,rahel jugo-zahod,rahel jugo-zahod,rahel jugo-vzhod,rahel jugo-zahod,rahel zahod,rahel jugo-vzhod,rahel vzhod,rahel jugo-vzhod
JULIJSKE ALPE,hitrost,8 km/h,9 km/h,8 km/h,7 km/h,10 km/h,5 km/h,9 km/h,12 km/h,13 km/h,14 km/h,12 km/h,16 km/h,15 km/h,12 km/h,19 km/h,23 km/h,24 km/h,17 km/h,10 km/h,8 km/h,5 km/h,1 km/h,5 km/h,4 km/h,3 km/h,4 km/h,3 km/h,1 km/h,1 km/h,5 km/h,5 km/h
JULIJSKE ALPE,na 1000 m,rahel jug,rahel jugo-zahod,rahel jugo-zahod,rahel jugo-zahod,rahel jugo-zahod,rahel jugo-zahod,rahel zahod,rahel jugo-zahod,rahel jugo-zahod,rahel jugo-zahod,rahel jugo-zahod,rahel jugo-zahod,rahel jugo-zahod,rahel jugo-zahod,rahel jugo-zahod,rahel jugo-zahod,rahel jugo-zahod,rahel jugo-zahod,rahel jugo-zahod,rahel jugo-zahod,rahel sever,rahel severo-vzhod,rahel jugo-vzhod,rahel zahod,rahel zahod,rahel jug,rahel jugo-zahod,rahel jugo-zahod,rahel jugo-zahod,rahel vzhod,rahel vzhod
JULIJSKE ALPE,hitrost,3 km/h,4 km/h,4 km/h,4 km/h,4 km/h,1 km/h,3 km/h,5 km/h,5 km/h,5 km/h,5 km/h,6 km/h,4 km/h,4 km/h,8 km/h,9 km/h,5 km/h,5 km/h,4 km/h,3 km/h,1 km/h,3 km/h,3 km/h,1 km/h,1 km/h,1 km/h,2 km/h,2 km/h,1 km/h,3 km/h,3 km/h
JULIJSKE ALPE,na 500 m,rahel jugo-zahod,rahel jugo-zahod,rahel jugo-zahod,rahel jugo-zahod,rahel jugo-zahod,rahel jugo-zahod,rahel jugo-zahod,rahel jugo-zahod,rahel jugo-zahod,rahel jugo-zahod,rahel jugo-zahod,rahel jugo-zahod,rahel jugo-zahod,rahel jugo-zahod,rahel jugo-zahod,rahel jugo-zahod,rahel jugo-zahod,rahel jugo-zahod,rahel jugo-zahod,rahel jugo-zahod,rahel sever,rahel severo-vzhod,rahel jugo-vzhod,rahel jugo-zahod,rahel zahod,rahel jug,rahel jugo-zahod,rahel jugo-zahod,rahel jugo-zahod,rahel vzhod,rahel jugo-vzhod
JULIJSKE ALPE,hitrost,3 km/h,4 km/h,5 km/h,4 km/h,3 km/h,2 km/h,4 km/h,5 km/h,5 km/h,5 km/h,5 km/h,5 km/h,4 km/h,5 km/h,8 km/h,8 km/h,5 km/h,6 km/h,4 km/h,4 km/h,1 km/h,2 km/h,2 km/h,1 km/h,1 km/h,1 km/h,2 km/h,2 km/h,0 km/h,3 km/h,3 km/h
JULIJSKE ALPE,,,,,,,,,,,,,,,,,,,,,,,,,,,,,,,,
JULIJSKE ALPE,Vlažnost,,,,,,,,,,,,,,,,,,,,,,,,,,,,,,,
JULIJSKE ALPE,na 5500 m,42 %,57 %,48 %,38 %,44 %,47 %,33 %,35 %,30 %,41 %,24 %,32 %,52 %,64 %,55 %,32 %,43 %,60 %,69 %,12 %,17 %,14 %,21 %,22 %,45 %,41 %,27 %,30 %,46 %,51 %,45 %
JULIJSKE ALPE,na 3000 m,60 %,65 %,62 %,44 %,38 %,49 %,54 %,52 %,49 %,28 %,36 %,39 %,36 %,39 %,51 %,40 %,45 %,72 %,62 %,39 %,55 %,58 %,76 %,75 %,76 %,81 %,54 %,58 %,65 %,80 %,79 %
JULIJSKE ALPE,na 2500 m,68 %,62 %,68 %,64 %,42 %,47 %,60 %,50 %,55 %,43 %,40 %,43 %,39 %,36 %,42 %,46 %,53 %,85 %,75 %,45 %,79 %,75 %,81 %,80 %,87 %,90 %,73 %,76 %,86 %,85 %,89 %
JULIJSKE ALPE,na 2000 m,67 %,60 %,69 %,77 %,66 %,64 %,72 %,56 %,59 %,58 %,53 %,51 %,44 %,52 %,43 %,50 %,70 %,83 %,83 %,70 %,90 %,95 %,90 %,84 %,91 %,94 %,85 %,88 %,85 %,92 %,87 %
JULIJSKE ALPE,na 1500 m,67 %,57 %,62 %,72 %,77 %,72 %,61 %,62 %,75 %,70 %,74 %,70 %,63 %,69 %,52 %,61 %,79 %,82 %,78 %,82 %,89 %,93 %,74 %,69 %,85 %,89 %,89 %,87 %,85 %,84 %,70 %
JULIJSKE ALPE,na 1000 m,79 %,77 %,67 %,72 %,74 %,64 %,55 %,56 %,81 %,96 %,95 %,95 %,88 %,63 %,45 %,54 %,83 %,93 %,83 %,82 %,88 %,86 %,67 %,62 %,90 %,91 %,98 %,98 %,94 %,75 %,62 %
JULIJSKE ALPE,na 500 m,79 %,78 %,68 %,72 %,74 %,64 %,55 %,56 %,81 %,99 %,97 %,97 %,88 %,62 %,45 %,54 %,82 %,94 %,85 %,83 %,89 %,86 %,66 %,62 %,90 %,91 %,99 %,98 %,94 %,75 %,62 %
JULIJSKE ALPE,,,,,,,,,,,,,,,,,,,,,,,,,,,,,,,,
JULIJSKE ALPE,Stabilnost,labilno,labilno,labilno,labilno,labilno,močno labilno,močno labilno,močno labilno,labilno,labilno,labilno,labilno,močno labilno,močno labilno,labilno,labilno,močno labilno,močno labilno,močno labilno,močno labilno,močno labilno,močno labilno,labilno,labilno,labilno,labilno,labilno,labilno,labilno,labilno,labilno
JULIJSKE ALPE,,,,,,,,,,,,,,,,,,,,,,,,,,,,,,,,
JULIJSKE ALPE / JUGOZAHOD,Izračun: Sreda 26.08.2026 14 CEST,Sr 20 CEST,Sr 23 CEST,Če 02 CEST,Če 05 CEST,Če 08 CEST,Če 11 CEST,Če 14 CEST,Če 17 CEST,Če 20 CEST,Če 23 CEST,Pe 02 CEST,Pe 05 CEST,Pe 08 CEST,Pe 11 CEST,Pe 14 CEST,Pe 17 CEST,Pe 20 CEST,Pe 23 CEST,So 02 CEST,So 05 CEST,So 08 CEST,So 11 CEST,So 14 CEST,So 17 CEST,So 20 CEST,So 23 CEST,Ne 02 CEST,Ne 05 CEST,Ne 08 CEST,Ne 11 CEST,Ne 14 CEST
JULIJSKE ALPE / JUGOZAHOD,,,,,,,,,,,,,,,,,,,,,,,,,,,,,,,,
JULIJSKE ALPE / JUGOZAHOD,Vreme na 2500 m,oblačno,oblačno,jasno,jasno,jasno,oblačno,pretežno oblačno,pretežno oblačno,pretežno jasno,oblačno,oblačno,delno oblačno,pretežno jasno,pretežno oblačno,pretežno jasno,delno oblačno,pretežno jasno,pretežno oblačno rahel/-lo/-la dež,jasno rahel/-lo/-la dež,oblačno,oblačno rahel/-lo/-la dež,delno oblačno zmeren/-no/-na dež,pretežno jasno zmeren/-no/-na dež,delno oblačno rahel/-lo/-la dež,delno oblačno rahel/-lo/-la dež,jasno,pretežno jasno,pretežno oblačno,delno oblačno,pretežno oblačno rahel/-lo/-la dež,pretežno jasno rahel/-lo/-la dež
JULIJSKE ALPE / JUGOZAHOD,Vreme na 1500 m,oblačno,oblačno,jasno,jasno,jasno,oblačno,pretežno oblačno,pretežno oblačno,pretežno jasno,oblačno,oblačno,delno oblačno,pretežno jasno,pretežno oblačno,pretežno jasno,delno oblačno,pretežno jasno,pretežno oblačno rahel/-lo/-la dež,jasno rahel/-lo/-la dež,oblačno,oblačno rahel/-lo/-la dež,delno oblačno zmeren/-no/-na dež,pretežno jasno zmeren/-no/-na dež,delno oblačno rahel/-lo/-la dež,delno oblačno rahel/-lo/-la dež,jasno,pretežno jasno,pretežno oblačno,delno oblačno,pretežno oblačno rahel/-lo/-la dež,pretežno jasno rahel/-lo/-la dež
JULIJSKE ALPE / JUGOZAHOD,,,,,,,,,,,,,,,,,,,,,,,,,,,,,,,,
JULIJSKE ALPE / JUGOZAHOD,Temperatura,,,,,,,,,,,,,,,,,,,,,,,,,,,,,,,
JULIJSKE ALPE / JUGOZAHOD,na 5500 m,-8 °C,-9 °C,-8 °C,-8 °C,-8 °C,-8 °C,-7 °C,-6 °C,-5 °C,-5 °C,-5 °C,-5 °C,-6 °C,-5 °C,-5 °C,-4 °C,-7 °C,-6 °C,-8 °C,-8 °C,-9 °C,-9 °C,-9 °C,-8 °C,-8 °C,-8 °C,-8 °C,-8 °C,-8 °C,-8 °C,-8 °C
JULIJSKE ALPE / JUGOZAHOD,na 3000 m,9 °C,8 °C,8 °C,10 °C,11 °C,11 °C,12 °C,12 °C,12 °C,14 °C,14 °C,13 °C,14 °C,13 °C,11 °C,12 °C,10 °C,9 °C,8 °C,9 °C,8 °C,7 °C,7 °C,7 °C,6 °C,6 °C,6 °C,6 °C,6 °C,6 °C,7 °C
JULIJSKE ALPE / JUGOZAHOD,na 2500 m,12 °C,11 °C,11 °C,12 °C,13 °C,14 °C,14 °C,15 °C,15 °C,16 °C,17 °C,16 °C,17 °C,16 °C,15 °C,14 °C,13 °C,12 °C,12 °C,12 °C,11 °C,10 °C,10 °C,9 °C,9 °C,9 °C,9 °C,9 °C,8 °C,9 °C,10 °C
JULIJSKE ALPE / JUGOZAHOD,na 2000 m,14 °C,14 °C,13 °C,14 °C,14 °C,16 °C,15 °C,16 °C,16 °C,17 °C,17 °C,18 °C,19 °C,17 °C,18 °C,17 °C,17 °C,14 °C,16 °C,15 °C,13 °C,12 °C,12 °C,12 °C,12 °C,13 °C,12 °C,12 °C,12 °C,12 °C,13 °C
JULIJSKE ALPE / JUGOZAHOD,na 1500 m,16 °C,17 °C,16 °C,16 °C,16 °C,17 °C,17 °C,17 °C,17 °C,17 °C,18 °C,18 °C,19 °C,18 °C,19 °C,19 °C,19 °C,16 °C,18 °C,17 °C,16 °C,16 °C,16 °C,16 °C,15 °C,16 °C,16 °C,16 °C,16 °C,16 °C,17 °C
JULIJSKE ALPE / JUGOZAHOD,na 1000 m,19 °C,20 °C,19 °C,19 °C,18 °C,21 °C,21 °C,21 °C,20 °C,20 °C,20 °C,20 °C,21 °C,21 °C,23 °C,22 °C,21 °C,19 °C,21 °C,20 °C,19 °C,19 °C,20 °C,20 °C,18 °C,19 °C,19 °C,19 °C,19 °C,20 °C,21 °C
JULIJSKE ALPE / JUGOZAHOD,na 500 m,23 °C,23 °C,23 °C,22 °C,22 °C,24 °C,25 °C,24 °C,23 °C,23 °C,23 °C,24 °C,24 °C,24 °C,26 °C,25 °C,25 °C,22 °C,24 °C,24 °C,22 °C,22 °C,23 °C,23 °C,22 °C,22 °C,22 °C,22 °C,22 °C,23 °C,24 °C
JULIJSKE ALPE / JUGOZAHOD,,,,,,,,,,,,,,,,,,,,,,,,,,,,,,,,
JULIJSKE ALPE / JUGOZAHOD,Višina ničte izoterme,4393 m,4245 m,4412 m,4382 m,4395 m,4378 m,4533 m,4632 m,4766 m,4783 m,4868 m,4827 m,4760 m,4809 m,4709 m,4510 m,4615 m,4452 m,4208 m,4269 m,4194 m,4190 m,4204 m,4156 m,4185 m,4130 m,4123 m,4117 m,4160 m,4215 m,4252 m
JULIJSKE ALPE / JUGOZAHOD,Meja sneženja,4104 m,3946 m,4089 m,4114 m,4145 m,4119 m,4284 m,4361 m,4503 m,4535 m,4594 m,4565 m,4512 m,4535 m,4378 m,4180 m,4364 m,4109 m,3926 m,3977 m,3897 m,3878 m,3863 m,3813 m,3803 m,3712 m,3788 m,3722 m,3778 m,3807 m,3785 m
JULIJSKE ALPE / JUGOZAHOD,,,,,,,,,,,,,,,,,,,,,,,,,,,,,,,,
JULIJSKE ALPE / JUGOZAHOD,Veter,,,,,,,,,,,,,,,,,,,,,,,,,,,,,,,
JULIJSKE ALPE / JUGOZAHOD,na 5500 m,močan zahod,zmeren zahod,močan zahod,močan zahod,močan zahod,močan zahod,močan zahod,močan zahod,močan zahod,močan zahod,močan zahod,močan zahod,močan zahod,močan zahod,močan jugo-zahod,močan zahod,močan jugo-zahod,močan jugo-zahod,močan zahod,močan jugo-zahod,močan jugo-zahod,močan jugo-zahod,močan zahod,močan zahod,zmeren zahod,zmeren zahod,zmeren zahod,zmeren zahod,zmeren zahod,zmeren zahod,zmeren zahod
JULIJSKE ALPE / JUGOZAHOD,hitrost,63 km/h,37 km/h,55 km/h,72 km/h,64 km/h,65 km/h,76 km/h,72 km/h,69 km/h,68 km/h,75 km/h,67 km/h,61 km/h,76 km/h,96 km/h,102 km/h,119 km/h,104 km/h,88 km/h,82 km/h,77 km/h,77 km/h,67 km/h,58 km/h,43 km/h,39 km/h,36 km/h,33 km/h,32 km/h,31 km/h,31 km/h
JULIJSKE ALPE / JUGOZAHOD,na 3000 m,zmeren zahod,zmeren jugo-zahod,zmeren zahod,zmeren zahod,zmeren zahod,zmeren zahod,močan zahod,močan zahod,močan zahod,zmeren zahod,močan zahod,močan zahod,močan zahod,močan zahod,močan zahod,močan zahod,močan zahod,močan jugo-zahod,močan jugo-zahod,močan jugo-zahod,zmeren zahod,zmeren jugo-zahod,zmeren zahod,zmeren jugo-zahod,zmeren zahod,zmeren jugo-zahod,zmeren jugo-zahod,zmeren jugo-zahod,rahel jugo-zahod,rahel jug,rahel jug
JULIJSKE ALPE / JUGOZAHOD,hitrost,21 km/h,28 km/h,35 km/h,40 km/h,34 km/h,46 km/h,57 km/h,56 km/h,55 km/h,51 km/h,68 km/h,77 km/h,76 km/h,83 km/h,91 km/h,111 km/h,98 km/h,86 km/h,78 km/h,75 km/h,53 km/h,31 km/h,26 km/h,24 km/h,27 km/h,21 km/h,21 km/h,18 km/h,8 km/h,3 km/h,8 km/h
JULIJSKE ALPE / JUGOZAHOD,na 2500 m,rahel zahod,zmeren jugo-zahod,zmeren zahod,zmeren zahod,zmeren zahod,zmeren zahod,zmeren zahod,zmeren zahod,močan zahod,zmeren zahod,močan zahod,močan zahod,močan zahod,močan zahod,močan zahod,močan zahod,močan zahod,močan jugo-zahod,močan jugo-zahod,močan jugo-zahod,zmeren jugo-zahod,zmeren jugo-zahod,zmeren jugo-zahod,zmeren jugo-zahod,zmeren jugo-zahod,zmeren zahod,zmeren zahod,rahel jugo-zahod,rahel jugo-zahod,rahel jugo-vzhod,rahel jug
JULIJSKE ALPE / JUGOZAHOD,hitrost,17 km/h,28 km/h,27 km/h,32 km/h,26 km/h,44 km/h,48 km/h,49 km/h,55 km/h,49 km/h,68 km/h,75 km/h,73 km/h,69 km/h,77 km/h,90 km/h,83 km/h,72 km/h,75 km/h,62 km/h,37 km/h,26 km/h,20 km/h,18 km/h,19 km/h,21 km/h,22 km/h,17 km/h,7 km/h,5 km/h,10 km/h
JULIJSKE ALPE / JUGOZAHOD,na 2000 m,zmeren jugo-zahod,zmeren jugo-zahod,rahel jugo-zahod,zmeren zahod,zmeren zahod,zmeren zahod,zmeren zahod,zmeren zahod,zmeren zahod,zmeren zahod,zmeren zahod,zmeren zahod,zmeren zahod,zmeren zahod,zmeren zahod,močan jugo-zahod,močan jugo-zahod,zmeren jugo-zahod,zmeren jugo-zahod,zmeren jugo-zahod,zmeren jugo-zahod,zmeren jugo-zahod,zmeren jug,rahel jug,rahel jugo-zahod,rahel jugo-zahod,rahel jugo-zahod,rahel jugo-zahod,rahel jug,rahel jug,rahel jugo-vzhod
JULIJSKE ALPE / JUGOZAHOD,hitrost,18 km/h,23 km/h,15 km/h,19 km/h,21 km/h,23 km/h,26 km/h,35 km/h,41 km/h,34 km/h,44 km/h,51 km/h,47 km/h,45 km/h,53 km/h,64 km/h,64 km/h,48 km/h,52 km/h,41 km/h,30 km/h,28 km/h,19 km/h,12 km/h,11 km/h,14 km/h,17 km/h,10 km/h,6 km/h,7 km/h,9 km/h
JULIJSKE ALPE / JUGOZAHOD,na 1500 m,rahel jug,rahel jugo-zahod,rahel jugo-zahod,rahel jugo-zahod,rahel jugo-zahod,rahel jugo-zahod,rahel jugo-zahod,rahel jugo-zahod,rahel zahod,rahel zahod,rahel zahod,rahel jugo-zahod,rahel zahod,rahel jugo-zahod,rahel jugo-zahod,zmeren jugo-zahod,zmeren jugo-zahod,rahel zahod,zmeren jugo-zahod,zmeren jugo-zahod,zmeren jugo-zahod,rahel jugo-zahod,rahel jug,rahel jug,rahel jug,rahel jug,rahel jugo-zahod,rahel jugo-zahod,rahel jugo-vzhod,rahel jugo-vzhod,rahel jug
JULIJSKE ALPE / JUGOZAHOD,hitrost,7 km/h,6 km/h,10 km/h,6 km/h,10 km/h,9 km/h,12 km/h,12 km/h,11 km/h,12 km/h,14 km/h,17 km/h,14 km/h,16 km/h,13 km/h,23 km/h,28 km/h,17 km/h,19 km/h,20 km/h,21 km/h,11 km/h,14 km/h,9 km/h,8 km/h,6 km/h,8 km/h,1 km/h,3 km/h,6 km/h,9 km/h
JULIJSKE ALPE / JUGOZAHOD,na 1000 m,rahel jugo-vzhod,rahel severo-vzhod,rahel jug,rahel sever,rahel zahod,rahel jugo-zahod,rahel jugo-zahod,rahel jugo-zahod,rahel zahod,rahel severo-zahod,rahel severo-zahod,rahel zahod,rahel jugo-zahod,rahel jugo-zahod,rahel jugo-zahod,rahel jugo-zahod,rahel jugo-zahod,rahel severo-zahod,rahel jugo-vzhod,rahel jug,rahel jug,rahel jugo-zahod,rahel jug,rahel jugo-zahod,rahel sever,rahel vzhod,rahel severo-vzhod,rahel severo-vzhod,rahel severo-vzhod,rahel jugo-vzhod,rahel jug
JULIJSKE ALPE / JUGOZAHOD,hitrost,2 km/h,3 km/h,2 km/h,2 km/h,3 km/h,6 km/h,8 km/h,7 km/h,1 km/h,2 km/h,2 km/h,3 km/h,2 km/h,6 km/h,6 km/h,8 km/h,4 km/h,4 km/h,3 km/h,4 km/h,5 km/h,5 km/h,9 km/h,5 km/h,1 km/h,4 km/h,4 km/h,6 km/h,4 km/h,4 km/h,6 km/h
JULIJSKE ALPE / JUGOZAHOD,na 500 m,rahel severo-vzhod,rahel severo-vzhod,rahel sever,rahel sever,rahel severo-zahod,rahel jugo-zahod,rahel jugo-zahod,rahel jugo-zahod,rahel sever,rahel sever,rahel sever,rahel sever,rahel sever,rahel jugo-zahod,rahel jug,rahel jug,rahel jug,rahel severo-zahod,rahel vzhod,rahel jug,rahel jug,rahel jugo-zahod,rahel jug,rahel jugo-zahod,rahel sever,rahel severo-vzhod,rahel sever,rahel sever,rahel sever,rahel jug,rahel jug
JULIJSKE ALPE / JUGOZAHOD,hitrost,2 km/h,3 km/h,1 km/h,3 km/h,1 km/h,5 km/h,6 km/h,5 km/h,1 km/h,3 km/h,3 km/h,2 km/h,0 km/h,6 km/h,5 km/h,6 km/h,2 km/h,4 km/h,1 km/h,1 km/h,2 km/h,4 km/h,6 km/h,4 km/h,2 km/h,4 km/h,4 km/h,5 km/h,3 km/h,3 km/h,5 km/h
JULIJSKE ALPE / JUGOZAHOD,,,,,,,,,,,,,,,,,,,,,,,,,,,,,,,,
JULIJSKE ALPE / JUGOZAHOD,Vlažnost,,,,,,,,,,,,,,,,,,,,,,,,,,,,,,,
JULIJSKE ALPE / JUGOZAHOD,na 5500 m,38 %,78 %,45 %,44 %,49 %,47 %,31 %,30 %,31 %,33 %,26 %,38 %,60 %,64 %,56 %,34 %,45 %,65 %,69 %,12 %,17 %,12 %,17 %,20 %,35 %,20 %,24 %,30 %,45 %,47 %,40 %
JULIJSKE ALPE / JUGOZAHOD,na 3000 m,59 %,60 %,57 %,40 %,36 %,52 %,51 %,53 %,35 %,25 %,38 %,42 %,39 %,43 %,53 %,43 %,51 %,73 %,58 %,36 %,39 %,56 %,59 %,68 %,69 %,73 %,49 %,65 %,60 %,66 %,63 %
JULIJSKE ALPE / JUGOZAHOD,na 2500 m,58 %,62 %,64 %,52 %,45 %,50 %,47 %,51 %,51 %,32 %,40 %,45 %,39 %,37 %,44 %,48 %,49 %,89 %,59 %,32 %,48 %,61 %,69 %,79 %,81 %,68 %,77 %,76 %,85 %,77 %,68 %
JULIJSKE ALPE / JUGOZAHOD,na 2000 m,58 %,58 %,72 %,73 %,69 %,60 %,69 %,55 %,63 %,61 %,54 %,55 %,46 %,54 %,42 %,53 %,59 %,86 %,74 %,48 %,80 %,70 %,78 %,79 %,84 %,74 %,83 %,79 %,83 %,82 %,85 %
JULIJSKE ALPE / JUGOZAHOD,na 1500 m,68 %,62 %,72 %,78 %,81 %,79 %,84 %,86 %,79 %,83 %,81 %,78 %,64 %,81 %,74 %,78 %,84 %,84 %,78 %,80 %,99 %,86 %,82 %,80 %,85 %,80 %,73 %,73 %,72 %,80 %,73 %
JULIJSKE ALPE / JUGOZAHOD,na 1000 m,78 %,66 %,62 %,70 %,78 %,72 %,73 %,77 %,94 %,95 %,94 %,90 %,86 %,79 %,72 %,81 %,95 %,90 %,77 %,84 %,95 %,87 %,71 %,69 %,88 %,81 %,80 %,88 %,86 %,71 %,64 %
JULIJSKE ALPE / JUGOZAHOD,na 500 m,82 %,72 %,65 %,72 %,81 %,70 %,71 %,76 %,95 %,98 %,99 %,96 %,90 %,76 %,70 %,78 %,98 %,94 %,78 %,84 %,94 %,86 %,70 %,68 %,91 %,86 %,84 %,96 %,92 %,70 %,62 %
JULIJSKE ALPE / JUGOZAHOD,,,,,,,,,,,,,,,,,,,,,,,,,,,,,,,,
JULIJSKE ALPE / JUGOZAHOD,Stabilnost,labilno,labilno,labilno,labilno,labilno,labilno,močno labilno,močno labilno,labilno,labilno,labilno,močno labilno,močno labilno,labilno,labilno,labilno,močno labilno,labilno,močno labilno,močno labilno,močno labilno,močno labilno,labilno,labilno,labilno,labilno,labilno,labilno,labilno,labilno,labilno
JULIJSKE ALPE / JUGOZAHOD,,,,,,,,,,,,,,,,,,,,,,,,,,,,,,,,
KAMNIŠKO-SAVINJSKE ALPE,Izračun: Sreda 26.08.2026 14 CEST,Sr 20 CEST,Sr 23 CEST,Če 02 CEST,Če 05 CEST,Če 08 CEST,Če 11 CEST,Če 14 CEST,Če 17 CEST,Če 20 CEST,Če 23 CEST,Pe 02 CEST,Pe 05 CEST,Pe 08 CEST,Pe 11 CEST,Pe 14 CEST,Pe 17 CEST,Pe 20 CEST,Pe 23 CEST,So 02 CEST,So 05 CEST,So 08 CEST,So 11 CEST,So 14 CEST,So 17 CEST,So 20 CEST,So 23 CEST,Ne 02 CEST,Ne 05 CEST,Ne 08 CEST,Ne 11 CEST,Ne 14 CEST
KAMNIŠKO-SAVINJSKE ALPE,,,,,,,,,,,,,,,,,,,,,,,,,,,,,,,,
KAMNIŠKO-SAVINJSKE ALPE,Vreme na 2500 m,oblačno,oblačno,jasno,jasno,pretežno jasno,delno oblačno,delno oblačno,delno oblačno,pretežno jasno,jasno,jasno,jasno,jasno,delno oblačno,pretežno jasno,pretežno jasno,oblačno,pretežno jasno,pretežno jasno rahel/-lo/-la dež,pretežno oblačno,pretežno oblačno,pretežno oblačno zmeren/-no/-na dež,pretežno oblačno zmeren/-no/-na dež,pretežno jasno rahel/-lo/-la dež,delno oblačno,pretežno jasno,jasno,jasno,pretežno oblačno,pretežno oblačno rahel/-lo/-la dež,pretežno jasno zmeren/-no/-na dež
KAMNIŠKO-SAVINJSKE ALPE,Vreme na 1500 m,oblačno,oblačno,jasno,jasno,pretežno jasno,delno oblačno,delno oblačno,delno oblačno,pretežno jasno,jasno,jasno,jasno,jasno,delno oblačno,pretežno jasno,pretežno jasno,oblačno,pretežno jasno,pretežno jasno rahel/-lo/-la dež,pretežno oblačno,pretežno oblačno,pretežno oblačno zmeren/-no/-na dež,pretežno oblačno zmeren/-no/-na dež,pretežno jasno rahel/-lo/-la dež,delno oblačno,pretežno jasno,jasno,jasno,pretežno oblačno,pretežno oblačno rahel/-lo/-la dež,pretežno jasno zmeren/-no/-na dež
KAMNIŠKO-SAVINJSKE ALPE,,,,,,,,,,,,,,,,,,,,,,,,,,,,,,,,
KAMNIŠKO-SAVINJSKE ALPE,Temperatura,,,,,,,,,,,,,,,,,,,,,,,,,,,,,,,
KAMNIŠKO-SAVINJSKE ALPE,na 5500 m,-8 °C,-9 °C,-8 °C,-9 °C,-8 °C,-8 °C,-7 °C,-7 °C,-6 °C,-5 °C,-5 °C,-5 °C,-6 °C,-6 °C,-4 °C,-3 °C,-6 °C,-6 °C,-7 °C,-8 °C,-8 °C,-8 °C,-9 °C,-8 °C,-8 °C,-8 °C,-8 °C,-8 °C,-8 °C,-8 °C,-8 °C
KAMNIŠKO-SAVINJSKE ALPE,na 3000 m,8 °C,8 °C,8 °C,9 °C,10 °C,11 °C,11 °C,12 °C,12 °C,13 °C,14 °C,14 °C,14 °C,14 °C,12 °C,12 °C,12 °C,9 °C,8 °C,9 °C,8 °C,7 °C,7 °C,7 °C,7 °C,7 °C,6 °C,6 °C,5 °C,6 °C,7 °C
KAMNIŠKO-SAVINJSKE ALPE,na 2500 m,11 °C,11 °C,11 °C,11 °C,14 °C,14 °C,15 °C,14 °C,14 °C,16 °C,17 °C,17 °C,18 °C,17 °C,16 °C,16 °C,15 °C,13 °C,12 °C,12 °C,10 °C,10 °C,10 °C,10 °C,9 °C,9 °C,9 °C,9 °C,8 °C,9 °C,10 °C
KAMNIŠKO-SAVINJSKE ALPE,na 2000 m,14 °C,14 °C,13 °C,14 °C,15 °C,18 °C,15 °C,17 °C,17 °C,17 °C,18 °C,19 °C,20 °C,20 °C,20 °C,19 °C,18 °C,17 °C,16 °C,15 °C,14 °C,13 °C,13 °C,12 °C,12 °C,12 °C,12 °C,12 °C,12 °C,12 °C,13 °C
KAMNIŠKO-SAVINJSKE ALPE,na 1500 m,17 °C,17 °C,17 °C,16 °C,16 °C,18 °C,19 °C,19 °C,20 °C,19 °C,18 °C,19 °C,20 °C,19 °C,21 °C,22 °C,20 °C,20 °C,18 °C,18 °C,16 °C,16 °C,16 °C,16 °C,16 °C,15 °C,15 °C,16 °C,15 °C,15 °C,16 °C
KAMNIŠKO-SAVINJSKE ALPE,na 1000 m,20 °C,20 °C,20 °C,20 °C,20 °C,22 °C,23 °C,23 °C,21 °C,22 °C,21 °C,21 °C,21 °C,23 °C,25 °C,25 °C,23 °C,22 °C,21 °C,21 °C,20 °C,20 °C,20 °C,20 °C,19 °C,19 °C,18 °C,18 °C,18 °C,19 °C,21 °C
KAMNIŠKO-SAVINJSKE ALPE,na 500 m,23 °C,24 °C,24 °C,23 °C,23 °C,25 °C,26 °C,27 °C,25 °C,25 °C,24 °C,24 °C,25 °C,26 °C,28 °C,29 °C,26 °C,26 °C,24 °C,24 °C,23 °C,23 °C,24 °C,24 °C,23 °C,22 °C,22 °C,22 °C,21 °C,22 °C,24 °C
KAMNIŠKO-SAVINJSKE ALPE,,,,,,,,,,,,,,,,,,,,,,,,,,,,,,,,
KAMNIŠKO-SAVINJSKE ALPE,Višina ničte izoterme,4329 m,4238 m,4208 m,4413 m,4320 m,4367 m,4408 m,4582 m,4724 m,4776 m,4836 m,4873 m,4780 m,4824 m,4942 m,4913 m,4630 m,4553 m,4248 m,4192 m,4169 m,4146 m,4164 m,4282 m,4169 m,4153 m,4087 m,4008 m,4108 m,4156 m,4234 m
KAMNIŠKO-SAVINJSKE ALPE,Meja sneženja,3986 m,3976 m,3936 m,4143 m,4047 m,4116 m,4151 m,4316 m,4434 m,4514 m,4572 m,4624 m,4534 m,4576 m,4637 m,4497 m,4357 m,4203 m,3936 m,3917 m,3826 m,3814 m,3806 m,3865 m,3799 m,3810 m,3755 m,3646 m,3733 m,3674 m,3772 m
KAMNIŠKO-SAVINJSKE ALPE,,,,,,,,,,,,,,,,,,,,,,,,,,,,,,,,
KAMNIŠKO-SAVINJSKE ALPE,Veter,,,,,,,,,,,,,,,,,,,,,,,,,,,,,,,
KAMNIŠKO-SAVINJSKE ALPE,na 5500 m,močan zahod,zmeren zahod,zmeren zahod,močan zahod,močan zahod,močan zahod,močan zahod,močan zahod,močan severo-zahod,močan zahod,močan zahod,močan zahod,močan zahod,močan zahod,močan zahod,močan zahod,močan zahod,močan zahod,močan jugo-zahod,močan zahod,močan jugo-zahod,močan zahod,močan zahod,močan zahod,zmeren zahod,zmeren zahod,zmeren zahod,zmeren zahod,zmeren zahod,zmeren zahod,zmeren zahod
KAMNIŠKO-SAVINJSKE ALPE,hitrost,73 km/h,42 km/h,42 km/h,61 km/h,68 km/h,65 km/h,72 km/h,67 km/h,61 km/h,61 km/h,66 km/h,61 km/h,57 km/h,58 km/h,63 km/h,76 km/h,107 km/h,105 km/h,114 km/h,84 km/h,72 km/h,84 km/h,75 km/h,64 km/h,49 km/h,37 km/h,39 km/h,36 km/h,33 km/h,32 km/h,31 km/h
KAMNIŠKO-SAVINJSKE ALPE,na 3000 m,zmeren zahod,zmeren zahod,zmeren zahod,zmeren zahod,zmeren severo-zahod,zmeren zahod,zmeren zahod,zmeren zahod,zmeren zahod,zmeren zahod,močan zahod,močan zahod,močan zahod,močan zahod,močan zahod,močan zahod,močan zahod,močan zahod,močan jugo-zahod,močan jugo-zahod,močan zahod,zmeren jugo-zahod,zmeren jugo-zahod,zmeren jugo-zahod,zmeren jugo-zahod,zmeren zahod,zmeren zahod,zmeren jugo-zahod,rahel zahod,rahel jugo-zahod,rahel jugo-zahod
KAMNIŠKO-SAVINJSKE ALPE,hitrost,22 km/h,28 km/h,36 km/h,34 km/h,28 km/h,28 km/h,40 km/h,49 km/h,48 km/h,35 km/h,59 km/h,74 km/h,71 km/h,76 km/h,95 km/h,104 km/h,106 km/h,85 km/h,93 km/h,78 km/h,72 km/h,43 km/h,35 km/h,30 km/h,30 km/h,22 km/h,22 km/h,23 km/h,14 km/h,12 km/h,16 km/h
KAMNIŠKO-SAVINJSKE ALPE,na 2500 m,zmeren zahod,zmeren jugo-zahod,zmeren jugo-zahod,zmeren zahod,zmeren severo-zahod,zmeren zahod,zmeren zahod,zmeren zahod,zmeren zahod,zmeren zahod,zmeren zahod,močan zahod,močan zahod,močan zahod,močan zahod,močan zahod,močan zahod,močan jugo-zahod,močan jugo-zahod,močan jugo-zahod,zmeren zahod,zmeren jugo-zahod,zmeren jugo-zahod,zmeren jugo-zahod,zmeren jugo-zahod,zmeren zahod,zmeren zahod,zmeren zahod,rahel jugo-zahod,rahel jugo-zahod,rahel jugo-zahod
KAMNIŠKO-SAVINJSKE ALPE,hitrost,19 km/h,30 km/h,31 km/h,28 km/h,26 km/h,20 km/h,35 km/h,39 km/h,47 km/h,35 km/h,53 km/h,78 km/h,75 km/h,60 km/h,82 km/h,102 km/h,91 km/h,74 km/h,84 km/h,66 km/h,47 km/h,34 km/h,33 km/h,28 km/h,28 km/h,23 km/h,23 km/h,19 km/h,11 km/h,12 km/h,16 km/h
KAMNIŠKO-SAVINJSKE ALPE,na 2000 m,zmeren jugo-zahod,zmeren jugo-zahod,zmeren jugo-zahod,zmeren zahod,zmeren zahod,zmeren zahod,zmeren zahod,zmeren zahod,zmeren zahod,zmeren zahod,zmeren zahod,zmeren zahod,močan zahod,zmeren zahod,močan zahod,močan zahod,močan zahod,močan jugo-zahod,močan jugo-zahod,zmeren jugo-zahod,zmeren jugo-zahod,zmeren jugo-zahod,zmeren jugo-zahod,zmeren jugo-zahod,zmeren jugo-zahod,zmeren jugo-zahod,zmeren zahod,rahel jugo-zahod,rahel jugo-zahod,rahel jug,rahel jug
KAMNIŠKO-SAVINJSKE ALPE,hitrost,20 km/h,28 km/h,25 km/h,26 km/h,21 km/h,19 km/h,19 km/h,29 km/h,34 km/h,21 km/h,24 km/h,51 km/h,54 km/h,52 km/h,63 km/h,75 km/h,76 km/h,64 km/h,66 km/h,46 km/h,31 km/h,23 km/h,26 km/h,25 km/h,27 km/h,19 km/h,20 km/h,17 km/h,7 km/h,9 km/h,9 km/h
KAMNIŠKO-SAVINJSKE ALPE,na 1500 m,rahel jugo-zahod,zmeren jugo-zahod,rahel jugo-zahod,rahel jugo-zahod,rahel zahod,rahel jugo-zahod,rahel jugo-zahod,rahel jugo-zahod,zmeren zahod,rahel zahod,rahel jugo-zahod,rahel zahod,rahel zahod,zmeren jugo-zahod,zmeren jugo-zahod,zmeren jugo-zahod,zmeren jugo-zahod,zmeren jugo-zahod,zmeren jugo-zahod,zmeren jugo-zahod,rahel jugo-zahod,rahel jug,rahel jugo-zahod,rahel jugo-zahod,rahel jug,rahel jugo-zahod,rahel jugo-zahod,rahel jugo-zahod,rahel jugo-vzhod,rahel jugo-vzhod,rahel jug
KAMNIŠKO-SAVINJSKE ALPE,hitrost,17 km/h,18 km/h,17 km/h,15 km/h,13 km/h,6 km/h,14 km/h,14 km/h,18 km/h,9 km/h,10 km/h,17 km/h,17 km/h,20 km/h,21 km/h,32 km/h,45 km/h,37 km/h,37 km/h,21 km/h,15 km/h,12 km/h,14 km/h,13 km/h,15 km/h,11 km/h,8 km/h,7 km/h,5 km/h,6 km/h,7 km/h
KAMNIŠKO-SAVINJSKE ALPE,na 1000 m,rahel jugo-zahod,rahel jug,rahel jug,rahel jugo-zahod,rahel zahod,rahel jugo-zahod,rahel jugo-zahod,rahel jugo-zahod,rahel jugo-zahod,rahel jugo-zahod,rahel jugo-zahod,rahel jugo-zahod,rahel jugo-zahod,rahel jugo-zahod,rahel jugo-zahod,rahel jugo-zahod,rahel jugo-zahod,rahel jugo-zahod,rahel jugo-zahod,rahel jug,rahel jug,rahel jugo-zahod,rahel jugo-zahod,rahel jugo-zahod,rahel jug,rahel jug,rahel jug,rahel sever,rahel jugo-vzhod,rahel jugo-vzhod,rahel jug
KAMNIŠKO-SAVINJSKE ALPE,hitrost,5 km/h,5 km/h,5 km/h,4 km/h,5 km/h,4 km/h,9 km/h,9 km/h,7 km/h,5 km/h,5 km/h,6 km/h,4 km/h,8 km/h,10 km/h,13 km/h,12 km/h,9 km/h,10 km/h,6 km/h,4 km/h,6 km/h,8 km/h,6 km/h,4 km/h,2 km/h,3 km/h,1 km/h,2 km/h,3 km/h,4 km/h
KAMNIŠKO-SAVINJSKE ALPE,na 500 m,rahel jug,rahel jug,rahel jug,rahel jug,rahel jugo-zahod,rahel jugo-zahod,rahel jugo-zahod,rahel jugo-zahod,rahel jugo-zahod,rahel jug,rahel jug,rahel jug,rahel jugo-zahod,rahel jugo-zahod,rahel jugo-zahod,rahel jugo-zahod,rahel jugo-zahod,rahel jugo-zahod,rahel jugo-zahod,rahel jug,rahel jug,rahel jugo-zahod,rahel jugo-zahod,rahel jugo-zahod,rahel jug,rahel jugo-vzhod,rahel jugo-vzhod,rahel severo-vzhod,rahel jugo-vzhod,rahel jug,rahel jug
KAMNIŠKO-SAVINJSKE ALPE,hitrost,3 km/h,2 km/h,3 km/h,3 km/h,3 km/h,4 km/h,8 km/h,7 km/h,4 km/h,3 km/h,3 km/h,3 km/h,1 km/h,6 km/h,8 km/h,10 km/h,8 km/h,6 km/h,6 km/h,4 km/h,2 km/h,5 km/h,6 km/h,5 km/h,3 km/h,1 km/h,2 km/h,2 km/h,1 km/h,3 km/h,4 km/h
KAMNIŠKO-SAVINJSKE ALPE,,,,,,,,,,,,,,,,,,,,,,,,,,,,,,,,
KAMNIŠKO-SAVINJSKE ALPE,Vlažnost,,,,,,,,,,,,,,,,,,,,,,,,,,,,,,,
KAMNIŠKO-SAVINJSKE ALPE,na 5500 m,50 %,55 %,59 %,43 %,39 %,47 %,37 %,40 %,26 %,36 %,26 %,30 %,48 %,68 %,53 %,23 %,33 %,31 %,60 %,40 %,13 %,12 %,13 %,12 %,34 %,34 %,17 %,23 %,36 %,46 %,45 %
KAMNIŠKO-SAVINJSKE ALPE,na 3000 m,60 %,63 %,58 %,53 %,39 %,39 %,50 %,52 %,52 %,32 %,29 %,35 %,32 %,35 %,48 %,45 %,37 %,62 %,69 %,49 %,40 %,63 %,61 %,57 %,64 %,70 %,54 %,58 %,65 %,70 %,61 %
KAMNIŠKO-SAVINJSKE ALPE,na 2500 m,58 %,62 %,63 %,60 %,44 %,36 %,45 %,49 %,57 %,42 %,35 %,42 %,35 %,34 %,40 %,38 %,40 %,61 %,80 %,49 %,53 %,66 %,75 %,62 %,61 %,77 %,64 %,65 %,80 %,81 %,70 %
KAMNIŠKO-SAVINJSKE ALPE,na 2000 m,64 %,58 %,64 %,70 %,62 %,39 %,73 %,48 %,55 %,58 %,48 %,48 %,40 %,41 %,35 %,39 %,49 %,63 %,83 %,61 %,74 %,83 %,87 %,75 %,61 %,85 %,76 %,77 %,84 %,90 %,79 %
KAMNIŠKO-SAVINJSKE ALPE,na 1500 m,76 %,58 %,67 %,73 %,70 %,73 %,75 %,73 %,54 %,61 %,69 %,65 %,61 %,71 %,64 %,55 %,62 %,70 %,75 %,78 %,88 %,88 %,82 %,80 %,74 %,78 %,81 %,76 %,81 %,84 %,77 %
KAMNIŠKO-SAVINJSKE ALPE,na 1000 m,85 %,75 %,66 %,76 %,74 %,64 %,64 %,64 %,85 %,79 %,83 %,79 %,76 %,66 %,59 %,52 %,71 %,73 %,75 %,80 %,83 %,80 %,72 %,72 %,81 %,80 %,82 %,81 %,83 %,76 %,68 %
KAMNIŠKO-SAVINJSKE ALPE,na 500 m,86 %,78 %,66 %,76 %,74 %,63 %,63 %,63 %,87 %,80 %,84 %,80 %,77 %,66 %,58 %,52 %,72 %,75 %,76 %,79 %,82 %,79 %,71 %,71 %,82 %,81 %,80 %,81 %,82 %,75 %,68 %
KAMNIŠKO-SAVINJSKE ALPE,,,,,,,,,,,,,,,,,,,,,,,,,,,,,,,,
KAMNIŠKO-SAVINJSKE ALPE,Stabilnost,labilno,rahlo labilno,labilno,labilno,labilno,močno labilno,močno labilno,močno labilno,rahlo labilno,labilno,labilno,labilno,labilno,močno labilno,labilno,rahlo labilno,labilno,labilno,labilno,močno labilno,močno labilno,močno labilno,močno labilno,labilno,labilno,labilno,labilno,labilno,labilno,labilno,labilno
KAMNIŠKO-SAVINJSKE ALPE,,,,,,,,,,,,,,,,,,,,,,,,,,,,,,,,
KARAVANKE,Izračun: Sreda 26.08.2026 14 CEST,Sr 20 CEST,Sr 23 CEST,Če 02 CEST,Če 05 CEST,Če 08 CEST,Če 11 CEST,Če 14 CEST,Če 17 CEST,Če 20 CEST,Če 23 CEST,Pe 02 CEST,Pe 05 CEST,Pe 08 CEST,Pe 11 CEST,Pe 14 CEST,Pe 17 CEST,Pe 20 CEST,Pe 23 CEST,So 02 CEST,So 05 CEST,So 08 CEST,So 11 CEST,So 14 CEST,So 17 CEST,So 20 CEST,So 23 CEST,Ne 02 CEST,Ne 05 CEST,Ne 08 CEST,Ne 11 CEST,Ne 14 CEST
KARAVANKE,,,,,,,,,,,,,,,,,,,,,,,,,,,,,,,,
KARAVANKE,Vreme na 2500 m,oblačno,oblačno,jasno,jasno,jasno,pretežno oblačno,delno oblačno,pretežno oblačno,pretežno jasno,jasno,delno oblačno,oblačno,pretežno jasno,pretežno oblačno,delno oblačno,pretežno oblačno,pretežno oblačno,pretežno oblačno,jasno rahel/-lo/-la dež,pretežno oblačno,oblačno,oblačno rahel/-lo/-la dež,pretežno oblačno rahel/-lo/-la dež,delno oblačno rahel/-lo/-la dež,delno oblačno rahel/-lo/-la dež,delno oblačno,oblačno,oblačno,oblačno,delno oblačno,pretežno jasno rahel/-lo/-la dež
KARAVANKE,Vreme na 1500 m,oblačno,oblačno,jasno,jasno,jasno,pretežno oblačno,delno oblačno,pretežno oblačno,pretežno jasno,jasno,delno oblačno,oblačno,pretežno jasno,pretežno oblačno,delno oblačno,pretežno oblačno,pretežno oblačno,pretežno oblačno,jasno rahel/-lo/-la dež,pretežno oblačno,oblačno,oblačno rahel/-lo/-la dež,pretežno oblačno rahel/-lo/-la dež,delno oblačno rahel/-lo/-la dež,delno oblačno rahel/-lo/-la dež,delno oblačno,oblačno,oblačno,oblačno,delno oblačno,pretežno jasno rahel/-lo/-la dež
KARAVANKE,,,,,,,,,,,,,,,,,,,,,,,,,,,,,,,,
KARAVANKE,Temperatura,,,,,,,,,,,,,,,,,,,,,,,,,,,,,,,
KARAVANKE,na 5500 m,-8 °C,-9 °C,-8 °C,-9 °C,-8 °C,-8 °C,-7 °C,-6 °C,-6 °C,-6 °C,-5 °C,-5 °C,-6 °C,-5 °C,-4 °C,-4 °C,-6 °C,-6 °C,-8 °C,-8 °C,-8 °C,-9 °C,-9 °C,-8 °C,-8 °C,-8 °C,-8 °C,-8 °C,-8 °C,-8 °C,-8 °C
KARAVANKE,na 3000 m,8 °C,8 °C,8 °C,10 °C,10 °C,11 °C,11 °C,12 °C,12 °C,14 °C,14 °C,14 °C,14 °C,14 °C,12 °C,12 °C,11 °C,9 °C,8 °C,8 °C,7 °C,7 °C,6 °C,7 °C,6 °C,6 °C,7 °C,6 °C,5 °C,6 °C,7 °C
KARAVANKE,na 2500 m,11 °C,11 °C,11 °C,12 °C,14 °C,14 °C,15 °C,14 °C,15 °C,16 °C,17 °C,17 °C,18 °C,18 °C,16 °C,16 °C,14 °C,13 °C,12 °C,12 °C,10 °C,9 °C,9 °C,10 °C,9 °C,9 °C,9 °C,9 °C,8 °C,9 °C,10 °C
KARAVANKE,na 2000 m,14 °C,14 °C,14 °C,13 °C,15 °C,18 °C,16 °C,17 °C,17 °C,17 °C,18 °C,19 °C,20 °C,20 °C,19 °C,18 °C,17 °C,16 °C,16 °C,14 °C,12 °C,12 °C,12 °C,12 °C,12 °C,12 °C,12 °C,12 °C,12 °C,12 °C,13 °C
KARAVANKE,na 1500 m,17 °C,17 °C,16 °C,16 °C,16 °C,17 °C,19 °C,20 °C,19 °C,19 °C,18 °C,18 °C,20 °C,19 °C,22 °C,21 °C,20 °C,19 °C,18 °C,17 °C,14 °C,14 °C,15 °C,17 °C,16 °C,15 °C,14 °C,14 °C,15 °C,14 °C,16 °C
KARAVANKE,na 1000 m,21 °C,20 °C,19 °C,18 °C,18 °C,21 °C,24 °C,24 °C,22 °C,20 °C,20 °C,19 °C,19 °C,23 °C,27 °C,26 °C,22 °C,21 °C,20 °C,19 °C,17 °C,17 °C,20 °C,22 °C,19 °C,17 °C,17 °C,16 °C,15 °C,19 °C,21 °C
KARAVANKE,na 500 m,24 °C,23 °C,22 °C,22 °C,22 °C,24 °C,28 °C,28 °C,25 °C,24 °C,23 °C,23 °C,22 °C,26 °C,30 °C,29 °C,26 °C,24 °C,24 °C,22 °C,20 °C,20 °C,23 °C,25 °C,23 °C,21 °C,20 °C,19 °C,19 °C,22 °C,25 °C
KARAVANKE,,,,,,,,,,,,,,,,,,,,,,,,,,,,,,,,
KARAVANKE,Višina ničte izoterme,4319 m,4215 m,4293 m,4381 m,4349 m,4365 m,4497 m,4623 m,4741 m,4777 m,4850 m,4847 m,4775 m,4828 m,4872 m,4770 m,4638 m,4401 m,4182 m,4224 m,4209 m,4208 m,4189 m,4153 m,4112 m,4077 m,4062 m,4012 m,4134 m,4184 m,4197 m
KARAVANKE,Meja sneženja,3996 m,3951 m,3950 m,4131 m,4066 m,4114 m,4220 m,4347 m,4475 m,4518 m,4590 m,4592 m,4530 m,4556 m,4560 m,4376 m,4384 m,4055 m,3873 m,3933 m,3874 m,3878 m,3881 m,3786 m,3755 m,3723 m,3735 m,3650 m,3731 m,3815 m,3756 m
KARAVANKE,,,,,,,,,,,,,,,,,,,,,,,,,,,,,,,,
KARAVANKE,Veter,,,,,,,,,,,,,,,,,,,,,,,,,,,,,,,
KARAVANKE,na 5500 m,močan zahod,zmeren zahod,zmeren zahod,močan zahod,močan zahod,močan zahod,močan zahod,močan zahod,močan zahod,močan zahod,močan zahod,močan zahod,močan zahod,močan zahod,močan zahod,močan zahod,močan jugo-zahod,močan jugo-zahod,močan jugo-zahod,močan zahod,močan jugo-zahod,močan jugo-zahod,močan zahod,močan zahod,zmeren zahod,zmeren zahod,zmeren zahod,zmeren zahod,zmeren zahod,zmeren zahod,zmeren zahod
KARAVANKE,hitrost,70 km/h,37 km/h,45 km/h,65 km/h,66 km/h,63 km/h,69 km/h,67 km/h,63 km/h,60 km/h,67 km/h,60 km/h,56 km/h,66 km/h,78 km/h,89 km/h,108 km/h,108 km/h,95 km/h,88 km/h,77 km/h,77 km/h,68 km/h,59 km/h,45 km/h,36 km/h,35 km/h,36 km/h,32 km/h,32 km/h,31 km/h
KARAVANKE,na 3000 m,zmeren zahod,zmeren jugo-zahod,zmeren zahod,zmeren zahod,zmeren severo-zahod,zmeren zahod,zmeren zahod,zmeren zahod,zmeren zahod,zmeren zahod,močan zahod,močan zahod,močan zahod,močan zahod,močan zahod,močan zahod,močan zahod,močan jugo-zahod,močan jugo-zahod,močan jugo-zahod,močan jugo-zahod,zmeren jugo-zahod,zmeren jugo-zahod,zmeren jugo-zahod,zmeren zahod,zmeren zahod,zmeren jugo-zahod,rahel jugo-zahod,rahel zahod,rahel jugo-zahod,rahel jugo-zahod
KARAVANKE,hitrost,19 km/h,26 km/h,33 km/h,37 km/h,23 km/h,30 km/h,42 km/h,49 km/h,44 km/h,35 km/h,58 km/h,71 km/h,69 km/h,74 km/h,92 km/h,115 km/h,105 km/h,79 km/h,86 km/h,76 km/h,55 km/h,39 km/h,27 km/h,23 km/h,24 km/h,21 km/h,21 km/h,18 km/h,12 km/h,10 km/h,13 km/h
KARAVANKE,na 2500 m,rahel jugo-zahod,zmeren jugo-zahod,zmeren jugo-zahod,zmeren zahod,zmeren severo-zahod,zmeren zahod,zmeren zahod,zmeren zahod,zmeren zahod,zmeren zahod,močan zahod,močan zahod,močan zahod,močan zahod,močan zahod,močan zahod,močan zahod,močan jugo-zahod,močan jugo-zahod,močan jugo-zahod,zmeren jugo-zahod,zmeren jugo-zahod,zmeren jugo-zahod,rahel jugo-zahod,rahel jugo-zahod,zmeren jugo-zahod,zmeren zahod,rahel zahod,rahel jugo-zahod,rahel jug,rahel jug
KARAVANKE,hitrost,14 km/h,28 km/h,28 km/h,30 km/h,19 km/h,25 km/h,40 km/h,40 km/h,46 km/h,37 km/h,59 km/h,78 km/h,73 km/h,63 km/h,79 km/h,97 km/h,86 km/h,67 km/h,75 km/h,57 km/h,37 km/h,33 km/h,27 km/h,18 km/h,18 km/h,19 km/h,25 km/h,17 km/h,11 km/h,7 km/h,13 km/h
KARAVANKE,na 2000 m,rahel jugo-zahod,zmeren jugo-zahod,rahel jugo-zahod,rahel zahod,zmeren zahod,zmeren zahod,rahel zahod,rahel zahod,zmeren zahod,zmeren zahod,zmeren zahod,zmeren zahod,močan zahod,zmeren zahod,zmeren zahod,močan jugo-zahod,močan jugo-zahod,zmeren jugo-zahod,zmeren jugo-zahod,zmeren jugo-zahod,zmeren jugo-zahod,rahel jugo-zahod,zmeren jugo-zahod,rahel jug,rahel jug,rahel jugo-zahod,rahel jugo-zahod,rahel jugo-zahod,rahel jugo-zahod,rahel jug,rahel jug
KARAVANKE,hitrost,12 km/h,21 km/h,18 km/h,17 km/h,19 km/h,18 km/h,14 km/h,15 km/h,35 km/h,24 km/h,28 km/h,54 km/h,54 km/h,49 km/h,52 km/h,65 km/h,67 km/h,49 km/h,47 km/h,30 km/h,20 km/h,17 km/h,22 km/h,15 km/h,9 km/h,14 km/h,15 km/h,12 km/h,6 km/h,9 km/h,12 km/h
KARAVANKE,na 1500 m,rahel jug,rahel jugo-zahod,rahel jug,rahel jugo-zahod,rahel zahod,rahel jugo-zahod,rahel jug,rahel jug,rahel jugo-zahod,rahel jugo-zahod,rahel jugo-zahod,rahel zahod,zmeren zahod,rahel jugo-zahod,rahel jugo-zahod,zmeren jugo-zahod,zmeren jugo-zahod,zmeren jugo-zahod,rahel jugo-zahod,rahel jug,rahel vzhod,rahel severo-vzhod,rahel jug,rahel jug,rahel jug,rahel jugo-vzhod,rahel jug,rahel jug,rahel vzhod,rahel jugo-vzhod,rahel jug
KARAVANKE,hitrost,13 km/h,10 km/h,12 km/h,8 km/h,9 km/h,10 km/h,10 km/h,8 km/h,8 km/h,6 km/h,4 km/h,12 km/h,18 km/h,17 km/h,17 km/h,23 km/h,30 km/h,21 km/h,13 km/h,11 km/h,4 km/h,10 km/h,4 km/h,8 km/h,4 km/h,6 km/h,4 km/h,1 km/h,4 km/h,5 km/h,10 km/h
KARAVANKE,na 1000 m,rahel jug,rahel jug,rahel jug,rahel jugo-zahod,rahel zahod,rahel jugo-vzhod,rahel jug,rahel jug,rahel jug,rahel jug,rahel jug,rahel jugo-zahod,rahel severo-zahod,rahel jug,rahel jug,rahel jug,rahel jug,rahel jug,rahel jug,rahel jug,rahel sever,rahel sever,rahel vzhod,rahel jug,rahel sever,rahel sever,rahel severo-zahod,rahel severo-zahod,rahel severo-zahod,rahel severo-vzhod,rahel jugo-vzhod
KARAVANKE,hitrost,10 km/h,5 km/h,6 km/h,3 km/h,2 km/h,1 km/h,9 km/h,10 km/h,7 km/h,4 km/h,4 km/h,1 km/h,4 km/h,6 km/h,11 km/h,17 km/h,13 km/h,9 km/h,7 km/h,4 km/h,5 km/h,7 km/h,3 km/h,4 km/h,3 km/h,4 km/h,5 km/h,6 km/h,5 km/h,3 km/h,8 km/h
KARAVANKE,na 500 m,rahel jug,rahel jugo-zahod,rahel jugo-zahod,rahel jugo-zahod,rahel severo-zahod,rahel vzhod,rahel jug,rahel jug,rahel jug,rahel jugo-zahod,rahel jugo-zahod,rahel jugo-zahod,rahel severo-zahod,rahel jug,rahel jug,rahel jug,rahel jug,rahel jugo-zahod,rahel jugo-zahod,rahel jugo-zahod,rahel sever,rahel sever,rahel vzhod,rahel jug,rahel severo-zahod,rahel severo-zahod,rahel zahod,rahel zahod,rahel severo-zahod,rahel severo-vzhod,rahel jugo-vzhod
KARAVANKE,hitrost,4 km/h,3 km/h,3 km/h,3 km/h,1 km/h,1 km/h,5 km/h,6 km/h,4 km/h,3 km/h,3 km/h,2 km/h,1 km/h,3 km/h,6 km/h,8 km/h,5 km/h,4 km/h,4 km/h,3 km/h,3 km/h,4 km/h,2 km/h,2 km/h,2 km/h,1 km/h,3 km/h,2 km/h,2 km/h,2 km/h,4 km/h
KARAVANKE,,,,,,,,,,,,,,,,,,,,,,,,,,,,,,,,
KARAVANKE,Vlažnost,,,,,,,,,,,,,,,,,,,,,,,,,,,,,,,
KARAVANKE,na 5500 m,45 %,58 %,50 %,37 %,41 %,47 %,34 %,32 %,28 %,40 %,23 %,29 %,48 %,64 %,51 %,25 %,37 %,56 %,66 %,15 %,13 %,12 %,17 %,19 %,47 %,48 %,25 %,28 %,43 %,50 %,44 %
KARAVANKE,na 3000 m,60 %,64 %,58 %,44 %,38 %,41 %,51 %,52 %,51 %,28 %,29 %,35 %,33 %,37 %,50 %,40 %,42 %,68 %,62 %,42 %,54 %,60 %,74 %,68 %,73 %,78 %,52 %,59 %,65 %,65 %,70 %
KARAVANKE,na 2500 m,64 %,61 %,64 %,60 %,38 %,40 %,45 %,54 %,55 %,37 %,36 %,40 %,35 %,32 %,42 %,40 %,50 %,76 %,70 %,44 %,73 %,72 %,73 %,70 %,83 %,85 %,62 %,73 %,82 %,76 %,71 %
KARAVANKE,na 2000 m,69 %,60 %,66 %,74 %,59 %,43 %,79 %,69 %,58 %,60 %,56 %,46 %,40 %,39 %,42 %,45 %,60 %,76 %,78 %,69 %,97 %,92 %,77 %,81 %,89 %,92 %,83 %,85 %,85 %,86 %,81 %
KARAVANKE,na 1500 m,59 %,58 %,65 %,72 %,73 %,74 %,74 %,70 %,66 %,68 %,72 %,73 %,61 %,73 %,56 %,61 %,72 %,76 %,75 %,82 %,98 %,91 %,86 %,69 %,80 %,90 %,93 %,87 %,84 %,92 %,76 %
KARAVANKE,na 1000 m,64 %,60 %,63 %,66 %,66 %,65 %,58 %,58 %,68 %,78 %,78 %,80 %,83 %,71 %,48 %,52 %,72 %,82 %,76 %,78 %,90 %,86 %,69 %,55 %,72 %,84 %,83 %,87 %,92 %,74 %,60 %
KARAVANKE,na 500 m,74 %,85 %,84 %,82 %,81 %,62 %,56 %,56 %,76 %,93 %,95 %,99 %,95 %,67 %,46 %,51 %,82 %,94 %,94 %,90 %,92 %,84 %,66 %,53 %,83 %,94 %,98 %,99 %,96 %,70 %,58 %
KARAVANKE,,,,,,,,,,,,,,,,,,,,,,,,,,,,,,,,
KARAVANKE,Stabilnost,labilno,rahlo labilno,rahlo labilno,labilno,labilno,labilno,močno labilno,močno labilno,labilno,labilno,labilno,labilno,labilno,močno labilno,labilno,labilno,močno labilno,močno labilno,labilno,močno labilno,močno labilno,labilno,labilno,labilno,labilno,labilno,labilno,labilno,labilno,labilno,labilno
KARAVANKE,,,,,,,,,,,,,,,,,,,,,,,,,,,,,,,,
POHORJE,Izračun: Sreda 26.08.2026 14 CEST,Sr 20 CEST,Sr 23 CEST,Če 02 CEST,Če 05 CEST,Če 08 CEST,Če 11 CEST,Če 14 CEST,Če 17 CEST,Če 20 CEST,Če 23 CEST,Pe 02 CEST,Pe 05 CEST,Pe 08 CEST,Pe 11 CEST,Pe 14 CEST,Pe 17 CEST,Pe 20 CEST,Pe 23 CEST,So 02 CEST,So 05 CEST,So 08 CEST,So 11 CEST,So 14 CEST,So 17 CEST,So 20 CEST,So 23 CEST,Ne 02 CEST,Ne 05 CEST,Ne 08 CEST,Ne 11 CEST,Ne 14 CEST
POHORJE,,,,,,,,,,,,,,,,,,,,,,,,,,,,,,,,
POHORJE
POHORJE,Vreme na 1500 m,pretežno jasno,oblačno,pretežno oblačno,jasno,jasno,delno oblačno,pretežno oblačno,delno oblačno,oblačno,pretežno jasno,jasno,jasno,jasno,jasno,pretežno oblačno,delno oblačno,pretežno oblačno,delno oblačno,pretežno oblačno,delno oblačno,pretežno oblačno,pretežno oblačno rahel/-lo/-la dež,oblačno zmeren/-no/-na dež,pretežno jasno zmeren/-no/-na dež,pretežno oblačno,jasno,jasno,pretežno jasno,pretežno oblačno,delno oblačno rahel/-lo/-la dež,delno oblačno zmeren/-no/-na dež
POHORJE,,,,,,,,,,,,,,,,,,,,,,,,,,,,,,,,
POHORJE,Temperatura,,,,,,,,,,,,,,,,,,,,,,,,,,,,,,,
POHORJE,na 5500 m,-8 °C,-9 °C,-9 °C,-9 °C,-8 °C,-9 °C,-8 °C,-7 °C,-6 °C,-6 °C,-5 °C,-5 °C,-5 °C,-6 °C,-6 °C,-3 °C,-4 °C,-6 °C,-8 °C,-9 °C,-9 °C,-8 °C,-8 °C,-8 °C,-8 °C,-8 °C,-8 °C,-8 °C,-8 °C,-8 °C,-8 °C
POHORJE,na 3000 m,7 °C,8 °C,8 °C,9 °C,10 °C,11 °C,11 °C,12 °C,12 °C,13 °C,13 °C,14 °C,14 °C,14 °C,14 °C,12 °C,13 °C,11 °C,9 °C,9 °C,8 °C,7 °C,7 °C,7 °C,7 °C,7 °C,7 °C,6 °C,5 °C,6 °C,7 °C
POHORJE,na 2500 m,10 °C,10 °C,11 °C,11 °C,12 °C,14 °C,15 °C,14 °C,15 °C,15 °C,16 °C,17 °C,18 °C,18 °C,17 °C,16 °C,17 °C,14 °C,13 °C,13 °C,12 °C,10 °C,9 °C,10 °C,10 °C,9 °C,10 °C,9 °C,8 °C,9 °C,10 °C
POHORJE,na 2000 m,13 °C,13 °C,14 °C,14 °C,14 °C,16 °C,16 °C,17 °C,18 °C,17 °C,17 °C,19 °C,19 °C,20 °C,21 °C,20 °C,20 °C,18 °C,17 °C,17 °C,14 °C,12 °C,12 °C,12 °C,12 °C,12 °C,12 °C,12 °C,12 °C,12 °C,12 °C
POHORJE,na 1500 m,17 °C,17 °C,16 °C,16 °C,16 °C,17 °C,19 °C,20 °C,20 °C,20 °C,19 °C,19 °C,19 °C,18 °C,21 °C,24 °C,23 °C,21 °C,20 °C,19 °C,17 °C,14 °C,14 °C,15 °C,16 °C,16 °C,15 °C,15 °C,15 °C,15 °C,16 °C
POHORJE,na 1000 m,19 °C,18 °C,18 °C,17 °C,20 °C,24 °C,27 °C,26 °C,21 °C,20 °C,20 °C,18 °C,21 °C,25 °C,28 °C,28 °C,24 °C,22 °C,22 °C,20 °C,20 °C,20 °C,19 °C,21 °C,18 °C,17 °C,17 °C,16 °C,20 °C,22 °C,24 °C
POHORJE,na 500 m,24 °C,24 °C,23 °C,23 °C,23 °C,25 °C,28 °C,28 °C,26 °C,25 °C,24 °C,23 °C,22 °C,26 °C,29 °C,30 °C,28 °C,27 °C,26 °C,25 °C,22 °C,22 °C,21 °C,22 °C,22 °C,22 °C,22 °C,22 °C,22 °C,23 °C,24 °C
POHORJE,,,,,,,,,,,,,,,,,,,,,,,,,,,,,,,,
POHORJE,Višina ničte izoterme,4235 m,4277 m,4177 m,4291 m,4280 m,4370 m,4416 m,4544 m,4644 m,4753 m,4797 m,4860 m,4879 m,4768 m,4802 m,5013 m,4864 m,4701 m,4323 m,4097 m,4138 m,4159 m,4163 m,4273 m,4120 m,4118 m,4069 m,3971 m,4063 m,4071 m,4096 m
POHORJE,Meja sneženja,3891 m,3989 m,3926 m,3986 m,4025 m,4106 m,4163 m,4266 m,4384 m,4502 m,4538 m,4599 m,4623 m,4523 m,4544 m,4675 m,4530 m,4435 m,3993 m,3845 m,3793 m,3831 m,3799 m,3927 m,3780 m,3772 m,3736 m,3642 m,3661 m,3635 m,3767 m
POHORJE,,,,,,,,,,,,,,,,,,,,,,,,,,,,,,,,
POHORJE,Veter,,,,,,,,,,,,,,,,,,,,,,,,,,,,,,,
POHORJE,na 5500 m,močan zahod,zmeren zahod,zmeren zahod,močan zahod,močan severo-zahod,močan zahod,močan zahod,močan severo-zahod,zmeren severo-zahod,močan severo-zahod,močan zahod,močan zahod,zmeren zahod,močan zahod,močan zahod,močan zahod,močan zahod,močan zahod,močan jugo-zahod,močan zahod,močan jugo-zahod,močan zahod,močan zahod,močan zahod,zmeren zahod,zmeren zahod,zmeren zahod,zmeren zahod,zmeren zahod,zmeren zahod,zmeren zahod
POHORJE,hitrost,75 km/h,51 km/h,35 km/h,55 km/h,72 km/h,69 km/h,67 km/h,65 km/h,53 km/h,57 km/h,63 km/h,62 km/h,54 km/h,58 km/h,62 km/h,61 km/h,78 km/h,93 km/h,97 km/h,66 km/h,73 km/h,85 km/h,82 km/h,71 km/h,49 km/h,42 km/h,41 km/h,37 km/h,38 km/h,34 km/h,28 km/h
POHORJE,na 3000 m,zmeren zahod,zmeren zahod,zmeren zahod,zmeren zahod,zmeren severo-zahod,zmeren severo-zahod,zmeren zahod,zmeren zahod,zmeren zahod,zmeren zahod,zmeren zahod,močan zahod,močan zahod,močan zahod,močan zahod,močan zahod,močan zahod,močan zahod,močan zahod,močan jugo-zahod,močan zahod,zmeren jugo-zahod,zmeren jugo-zahod,zmeren jugo-zahod,zmeren zahod,zmeren zahod,zmeren zahod,zmeren zahod,zmeren zahod,rahel jugo-zahod,rahel jugo-zahod
POHORJE,hitrost,27 km/h,31 km/h,32 km/h,26 km/h,27 km/h,40 km/h,35 km/h,33 km/h,39 km/h,30 km/h,44 km/h,69 km/h,72 km/h,63 km/h,87 km/h,98 km/h,111 km/h,99 km/h,88 km/h,75 km/h,79 km/h,51 km/h,51 km/h,46 km/h,28 km/h,21 km/h,20 km/h,24 km/h,20 km/h,14 km/h,16 km/h
POHORJE,na 2500 m,zmeren zahod,zmeren zahod,zmeren zahod,zmeren zahod,zmeren zahod,zmeren severo-zahod,zmeren zahod,zmeren zahod,zmeren zahod,zmeren zahod,zmeren zahod,močan zahod,močan zahod,močan zahod,močan zahod,močan zahod,močan zahod,močan zahod,močan jugo-zahod,močan jugo-zahod,močan jugo-zahod,zmeren jugo-zahod,zmeren jugo-zahod,zmeren jugo-zahod,zmeren jugo-zahod,zmeren zahod,zmeren zahod,zmeren zahod,rahel zahod,rahel jugo-zahod,rahel jugo-zahod
POHORJE,hitrost,19 km/h,28 km/h,32 km/h,27 km/h,24 km/h,31 km/h,23 km/h,26 km/h,30 km/h,31 km/h,34 km/h,65 km/h,75 km/h,59 km/h,77 km/h,94 km/h,102 km/h,89 km/h,85 km/h,68 km/h,57 km/h,43 km/h,44 km/h,46 km/h,36 km/h,25 km/h,19 km/h,19 km/h,16 km/h,13 km/h,14 km/h
POHORJE,na 2000 m,zmeren jugo-zahod,zmeren jugo-zahod,zmeren jugo-zahod,zmeren jugo-zahod,zmeren zahod,zmeren zahod,rahel severo-zahod,rahel jugo-zahod,zmeren zahod,rahel zahod,rahel jugo-zahod,zmeren zahod,zmeren zahod,zmeren zahod,močan zahod,močan zahod,močan zahod,močan zahod,močan jugo-zahod,zmeren jugo-zahod,zmeren jugo-zahod,zmeren jugo-zahod,zmeren jugo-zahod,zmeren jugo-zahod,zmeren jugo-zahod,zmeren jugo-zahod,zmeren zahod,zmeren zahod,rahel zahod,rahel jugo-zahod,rahel jugo-zahod
POHORJE,hitrost,20 km/h,27 km/h,29 km/h,32 km/h,22 km/h,26 km/h,3 km/h,7 km/h,21 km/h,13 km/h,10 km/h,32 km/h,51 km/h,41 km/h,62 km/h,76 km/h,89 km/h,80 km/h,78 km/h,53 km/h,40 km/h,30 km/h,26 km/h,31 km/h,33 km/h,24 km/h,20 km/h,20 km/h,9 km/h,8 km/h,7 km/h
POHORJE,na 1500 m,rahel jugo-zahod,rahel jugo-zahod,zmeren jugo-zahod,zmeren jugo-zahod,zmeren zahod,rahel zahod,rahel jugo-zahod,rahel jugo-zahod,zmeren zahod,rahel severo-zahod,rahel zahod,rahel jugo-zahod,rahel zahod,rahel jugo-zahod,zmeren zahod,zmeren zahod,močan zahod,močan zahod,močan jugo-zahod,zmeren jugo-zahod,zmeren jugo-zahod,rahel jugo-vzhod,rahel jugo-vzhod,rahel jug,rahel jug,rahel jugo-zahod,rahel jugo-zahod,rahel zahod,rahel jug,rahel jug,rahel jug
POHORJE,hitrost,17 km/h,14 km/h,20 km/h,27 km/h,21 km/h,8 km/h,8 km/h,12 km/h,24 km/h,9 km/h,5 km/h,10 km/h,17 km/h,16 km/h,24 km/h,49 km/h,71 km/h,66 km/h,64 km/h,34 km/h,27 km/h,13 km/h,2 km/h,7 km/h,10 km/h,12 km/h,13 km/h,12 km/h,4 km/h,4 km/h,4 km/h
POHORJE,na 1000 m,rahel jugo-vzhod,rahel jugo-vzhod,rahel jug,rahel jug,rahel jugo-zahod,rahel zahod,rahel jugo-zahod,rahel jugo-zahod,rahel jug,rahel sever,rahel severo-zahod,rahel severo-vzhod,rahel severo-vzhod,rahel jugo-zahod,rahel jugo-zahod,rahel jugo-zahod,rahel jugo-zahod,rahel jugo-zahod,rahel jugo-zahod,rahel jugo-zahod,rahel vzhod,rahel vzhod,rahel sever,rahel severo-vzhod,rahel jugo-vzhod,rahel vzhod,rahel vzhod,rahel severo-vzhod,rahel vzhod,rahel jug,rahel jug
POHORJE,hitrost,3 km/h,5 km/h,4 km/h,3 km/h,4 km/h,6 km/h,7 km/h,8 km/h,4 km/h,1 km/h,1 km/h,1 km/h,1 km/h,6 km/h,9 km/h,13 km/h,14 km/h,10 km/h,12 km/h,2 km/h,5 km/h,7 km/h,5 km/h,3 km/h,1 km/h,1 km/h,1 km/h,1 km/h,4 km/h,4 km/h,3 km/h
POHORJE,na 500 m,rahel jugo-vzhod,rahel jugo-vzhod,rahel jug,rahel jug,rahel jugo-zahod,rahel zahod,rahel jugo-zahod,rahel jugo-zahod,rahel jug,rahel sever,rahel severo-zahod,rahel severo-vzhod,rahel vzhod,rahel jugo-zahod,rahel jugo-zahod,rahel jugo-zahod,rahel jugo-zahod,rahel jugo-zahod,rahel jugo-zahod,rahel jugo-zahod,rahel vzhod,rahel vzhod,rahel severo-vzhod,rahel vzhod,rahel jug,rahel vzhod,rahel severo-vzhod,rahel severo-vzhod,rahel vzhod,rahel jug,rahel jug
POHORJE,hitrost,3 km/h,5 km/h,4 km/h,3 km/h,3 km/h,5 km/h,6 km/h,6 km/h,3 km/h,1 km/h,1 km/h,2 km/h,1 km/h,4 km/h,7 km/h,10 km/h,11 km/h,8 km/h,9 km/h,1 km/h,4 km/h,6 km/h,4 km/h,2 km/h,1 km/h,2 km/h,1 km/h,2 km/h,2 km/h,3 km/h,3 km/h
POHORJE,,,,,,,,,,,,,,,,,,,,,,,,,,,,,,,,
POHORJE,Vlažnost,,,,,,,,,,,,,,,,,,,,,,,,,,,,,,,
POHORJE,na 5500 m,31 %,49 %,59 %,42 %,39 %,52 %,50 %,35 %,24 %,27 %,28 %,24 %,38 %,58 %,65 %,34 %,37 %,38 %,60 %,76 %,48 %,11 %,11 %,10 %,23 %,40 %,18 %,22 %,30 %,44 %,49 %
POHORJE,na 3000 m,65 %,59 %,55 %,52 %,42 %,32 %,38 %,51 %,50 %,32 %,30 %,33 %,30 %,32 %,38 %,49 %,30 %,45 %,58 %,53 %,36 %,58 %,68 %,47 %,60 %,64 %,65 %,46 %,71 %,70 %,72 %
POHORJE,na 2500 m,68 %,63 %,59 %,56 %,50 %,32 %,38 %,53 %,51 %,53 %,40 %,39 %,35 %,32 %,37 %,40 %,27 %,46 %,57 %,47 %,32 %,65 %,84 %,64 %,57 %,65 %,72 %,58 %,75 %,82 %,78 %
POHORJE,na 2000 m,77 %,80 %,65 %,61 %,59 %,47 %,71 %,68 %,55 %,60 %,60 %,49 %,45 %,42 %,31 %,34 %,30 %,50 %,59 %,51 %,60 %,92 %,93 %,84 %,76 %,78 %,79 %,70 %,81 %,90 %,82 %
POHORJE,na 1500 m,69 %,76 %,75 %,65 %,68 %,69 %,68 %,70 %,49 %,60 %,66 %,59 %,62 %,74 %,62 %,40 %,42 %,56 %,59 %,71 %,86 %,92 %,94 %,87 %,82 %,78 %,80 %,76 %,80 %,80 %,74 %
POHORJE,na 1000 m,75 %,77 %,77 %,77 %,66 %,53 %,48 %,53 %,76 %,75 %,75 %,80 %,75 %,58 %,52 %,47 %,59 %,69 %,68 %,70 %,73 %,75 %,84 %,71 %,84 %,85 %,81 %,83 %,72 %,61 %,56 %
POHORJE,na 500 m,70 %,70 %,70 %,70 %,67 %,53 %,49 %,53 %,70 %,69 %,68 %,74 %,75 %,61 %,52 %,46 %,56 %,66 %,62 %,63 %,72 %,72 %,80 %,71 %,78 %,80 %,77 %,79 %,72 %,62 %,56 %
POHORJE,,,,,,,,,,,,,,,,,,,,,,,,,,,,,,,,
POHORJE,Stabilnost,labilno,labilno,močno labilno,labilno,labilno,labilno,močno labilno,močno labilno,rahlo labilno,labilno,labilno,labilno,labilno,labilno,močno labilno,rahlo labilno,rahlo labilno,močno labilno,močno labilno,močno labilno,močno labilno,labilno,labilno,labilno,labilno,labilno,labilno,labilno,labilno,labilno,labilno
POHORJE,,,,,,,,,,,,,,,,,,,,,,,,,,,,,,,,
SNEŽNIK,Izračun: Sreda 26.08.2026 14 CEST,Sr 20 CEST,Sr 23 CEST,Če 02 CEST,Če 05 CEST,Če 08 CEST,Če 11 CEST,Če 14 CEST,Če 17 CEST,Če 20 CEST,Če 23 CEST,Pe 02 CEST,Pe 05 CEST,Pe 08 CEST,Pe 11 CEST,Pe 14 CEST,Pe 17 CEST,Pe 20 CEST,Pe 23 CEST,So 02 CEST,So 05 CEST,So 08 CEST,So 11 CEST,So 14 CEST,So 17 CEST,So 20 CEST,So 23 CEST,Ne 02 CEST,Ne 05 CEST,Ne 08 CEST,Ne 11 CEST,Ne 14 CEST
SNEŽNIK,,,,,,,,,,,,,,,,,,,,,,,,,,,,,,,,
SNEŽNIK
SNEŽNIK,Vreme na 1500 m,pretežno oblačno,delno oblačno,jasno,jasno,pretežno jasno,pretežno oblačno,delno oblačno,pretežno oblačno,delno oblačno,jasno,jasno,jasno,jasno,delno oblačno,jasno,delno oblačno,pretežno jasno,jasno,jasno,jasno,pretežno oblačno,pretežno oblačno,pretežno oblačno,pretežno oblačno,pretežno jasno,pretežno jasno,jasno,pretežno jasno,jasno,pretežno jasno,jasno
SNEŽNIK,,,,,,,,,,,,,,,,,,,,,,,,,,,,,,,,
SNEŽNIK,Temperatura,,,,,,,,,,,,,,,,,,,,,,,,,,,,,,,
SNEŽNIK,na 5500 m,-7 °C,-9 °C,-8 °C,-8 °C,-8 °C,-8 °C,-8 °C,-7 °C,-5 °C,-5 °C,-5 °C,-5 °C,-5 °C,-5 °C,-4 °C,-4 °C,-5 °C,-6 °C,-8 °C,-8 °C,-8 °C,-8 °C,-8 °C,-7 °C,-8 °C,-8 °C,-7 °C,-7 °C,-7 °C,-7 °C,-7 °C
SNEŽNIK,na 3000 m,9 °C,9 °C,9 °C,10 °C,11 °C,11 °C,12 °C,12 °C,13 °C,14 °C,14 °C,14 °C,14 °C,13 °C,12 °C,11 °C,12 °C,10 °C,10 °C,10 °C,8 °C,8 °C,8 °C,8 °C,8 °C,8 °C,6 °C,6 °C,6 °C,7 °C,8 °C
SNEŽNIK,na 2500 m,12 °C,11 °C,10 °C,12 °C,14 °C,15 °C,16 °C,16 °C,16 °C,17 °C,17 °C,17 °C,17 °C,17 °C,16 °C,16 °C,16 °C,14 °C,14 °C,14 °C,12 °C,12 °C,11 °C,10 °C,10 °C,10 °C,9 °C,9 °C,10 °C,10 °C,10 °C
SNEŽNIK,na 2000 m,15 °C,15 °C,14 °C,14 °C,15 °C,16 °C,18 °C,19 °C,18 °C,17 °C,19 °C,20 °C,19 °C,19 °C,19 °C,20 °C,19 °C,19 °C,17 °C,16 °C,15 °C,15 °C,14 °C,13 °C,13 °C,13 °C,13 °C,13 °C,13 °C,13 °C,14 °C
SNEŽNIK,na 1500 m,18 °C,18 °C,18 °C,17 °C,17 °C,18 °C,18 °C,19 °C,20 °C,20 °C,19 °C,20 °C,21 °C,21 °C,21 °C,22 °C,22 °C,23 °C,20 °C,20 °C,18 °C,18 °C,18 °C,17 °C,17 °C,17 °C,17 °C,17 °C,17 °C,17 °C,18 °C
SNEŽNIK,na 1000 m,20 °C,20 °C,20 °C,19 °C,21 °C,24 °C,25 °C,24 °C,20 °C,20 °C,20 °C,20 °C,23 °C,25 °C,27 °C,26 °C,22 °C,22 °C,20 °C,20 °C,21 °C,23 °C,24 °C,23 °C,19 °C,19 °C,18 °C,18 °C,20 °C,23 °C,24 °C
SNEŽNIK,na 500 m,24 °C,26 °C,25 °C,24 °C,24 °C,25 °C,26 °C,26 °C,25 °C,26 °C,26 °C,26 °C,27 °C,27 °C,29 °C,28 °C,28 °C,27 °C,25 °C,26 °C,25 °C,25 °C,26 °C,25 °C,23 °C,24 °C,23 °C,24 °C,23 °C,25 °C,26 °C
SNEŽNIK,,,,,,,,,,,,,,,,,,,,,,,,,,,,,,,,
SNEŽNIK,Višina ničte izoterme,4421 m,4358 m,4382 m,4460 m,4412 m,4423 m,4492 m,4637 m,4810 m,4825 m,4861 m,4848 m,4803 m,4818 m,5026 m,4704 m,4604 m,4479 m,4208 m,4139 m,4120 m,4287 m,4193 m,4209 m,4324 m,4189 m,4010 m,4187 m,4163 m,4220 m,4319 m
SNEŽNIK,Meja sneženja,4139 m,4083 m,4071 m,4191 m,4166 m,4170 m,4258 m,4374 m,4558 m,4584 m,4610 m,4599 m,4544 m,4560 m,4705 m,4390 m,4175 m,4205 m,3948 m,3876 m,3817 m,3941 m,3836 m,3876 m,3979 m,3883 m,3660 m,3733 m,3781 m,3848 m,3895 m
SNEŽNIK,,,,,,,,,,,,,,,,,,,,,,,,,,,,,,,,
SNEŽNIK,Veter,,,,,,,,,,,,,,,,,,,,,,,,,,,,,,,
SNEŽNIK,na 5500 m,močan zahod,močan zahod,močan zahod,močan zahod,močan zahod,močan zahod,močan zahod,močan zahod,močan zahod,močan severo-zahod,močan zahod,zmeren zahod,zmeren zahod,močan zahod,močan zahod,močan zahod,močan zahod,močan jugo-zahod,močan jugo-zahod,močan zahod,močan zahod,močan zahod,močan zahod,močan zahod,zmeren zahod,zmeren zahod,zmeren zahod,zmeren zahod,zmeren zahod,zmeren zahod,zmeren zahod
SNEŽNIK,hitrost,76 km/h,69 km/h,69 km/h,77 km/h,71 km/h,66 km/h,76 km/h,77 km/h,77 km/h,73 km/h,63 km/h,53 km/h,40 km/h,55 km/h,61 km/h,86 km/h,108 km/h,118 km/h,114 km/h,97 km/h,85 km/h,75 km/h,65 km/h,57 km/h,49 km/h,40 km/h,37 km/h,31 km/h,34 km/h,37 km/h,33 km/h
SNEŽNIK,na 3000 m,zmeren zahod,zmeren zahod,zmeren zahod,močan zahod,močan zahod,močan zahod,močan zahod,močan zahod,močan zahod,močan zahod,močan zahod,močan zahod,močan zahod,močan zahod,močan zahod,močan zahod,močan zahod,močan zahod,močan jugo-zahod,močan jugo-zahod,močan zahod,močan zahod,močan zahod,močan zahod,zmeren zahod,zmeren jugo-zahod,zmeren jugo-zahod,zmeren jugo-zahod,zmeren jugo-zahod,rahel jugo-zahod,rahel jugo-zahod
SNEŽNIK,hitrost,24 km/h,26 km/h,41 km/h,59 km/h,63 km/h,59 km/h,71 km/h,78 km/h,75 km/h,83 km/h,82 km/h,76 km/h,72 km/h,82 km/h,86 km/h,85 km/h,91 km/h,87 km/h,83 km/h,88 km/h,99 km/h,89 km/h,75 km/h,61 km/h,43 km/h,35 km/h,35 km/h,37 km/h,20 km/h,16 km/h,11 km/h
SNEŽNIK,na 2500 m,zmeren zahod,zmeren jugo-zahod,zmeren zahod,zmeren zahod,močan zahod,močan zahod,močan zahod,močan zahod,močan zahod,močan zahod,močan zahod,močan zahod,močan zahod,močan zahod,močan zahod,močan zahod,močan zahod,močan zahod,močan jugo-zahod,močan jugo-zahod,močan zahod,močan zahod,močan zahod,zmeren jugo-zahod,zmeren jugo-zahod,zmeren jugo-zahod,zmeren jugo-zahod,zmeren jugo-zahod,zmeren jugo-zahod,zmeren jug,rahel jug
SNEŽNIK,hitrost,18 km/h,26 km/h,31 km/h,44 km/h,54 km/h,56 km/h,60 km/h,68 km/h,73 km/h,78 km/h,87 km/h,87 km/h,82 km/h,86 km/h,77 km/h,83 km/h,88 km/h,77 km/h,85 km/h,81 km/h,96 km/h,75 km/h,55 km/h,42 km/h,42 km/h,31 km/h,34 km/h,37 km/h,18 km/h,18 km/h,13 km/h
SNEŽNIK,na 2000 m,rahel jugo-zahod,zmeren jugo-zahod,zmeren jugo-zahod,zmeren zahod,zmeren zahod,zmeren zahod,zmeren zahod,zmeren zahod,močan zahod,močan zahod,močan zahod,močan zahod,močan zahod,močan zahod,močan zahod,močan zahod,močan zahod,močan jugo-zahod,močan jugo-zahod,močan jugo-zahod,močan zahod,močan zahod,zmeren jugo-zahod,zmeren jugo-zahod,zmeren jugo-zahod,zmeren zahod,zmeren jugo-zahod,zmeren jugo-zahod,rahel jugo-zahod,rahel jug,rahel jug
SNEŽNIK,hitrost,15 km/h,22 km/h,26 km/h,29 km/h,40 km/h,42 km/h,45 km/h,51 km/h,57 km/h,59 km/h,69 km/h,75 km/h,75 km/h,89 km/h,70 km/h,76 km/h,68 km/h,72 km/h,74 km/h,72 km/h,71 km/h,56 km/h,40 km/h,31 km/h,37 km/h,24 km/h,22 km/h,23 km/h,15 km/h,15 km/h,18 km/h
SNEŽNIK,na 1500 m,rahel jug,rahel jugo-zahod,rahel jugo-zahod,zmeren zahod,zmeren zahod,zmeren jugo-zahod,zmeren jugo-zahod,zmeren jugo-zahod,zmeren jugo-zahod,zmeren zahod,zmeren zahod,zmeren zahod,zmeren zahod,močan zahod,zmeren zahod,zmeren jugo-zahod,zmeren jugo-zahod,močan jugo-zahod,zmeren jugo-zahod,močan jugo-zahod,zmeren jugo-zahod,zmeren jugo-zahod,zmeren jugo-zahod,zmeren jugo-zahod,zmeren jugo-zahod,rahel jugo-zahod,rahel jugo-zahod,rahel jugo-zahod,rahel jug,rahel jug,rahel jug
SNEŽNIK,hitrost,10 km/h,12 km/h,13 km/h,18 km/h,28 km/h,22 km/h,19 km/h,25 km/h,36 km/h,41 km/h,40 km/h,45 km/h,52 km/h,58 km/h,41 km/h,37 km/h,50 km/h,63 km/h,53 km/h,54 km/h,49 km/h,30 km/h,30 km/h,23 km/h,21 km/h,13 km/h,10 km/h,9 km/h,10 km/h,12 km/h,15 km/h
SNEŽNIK,na 1000 m,rahel jug,rahel jugo-vzhod,rahel jug,rahel jug,rahel jugo-zahod,rahel jugo-zahod,rahel jugo-zahod,rahel jugo-zahod,rahel jug,rahel jug,rahel jugo-zahod,rahel jugo-zahod,rahel jugo-zahod,rahel jugo-zahod,rahel zahod,rahel jugo-zahod,rahel jug,rahel jug,rahel jug,rahel jug,rahel jugo-zahod,rahel jugo-zahod,rahel jugo-zahod,rahel jugo-zahod,rahel jug,rahel jugo-vzhod,rahel jugo-vzhod,rahel jugo-vzhod,rahel jugo-vzhod,rahel jug,rahel jug
SNEŽNIK,hitrost,1 km/h,3 km/h,3 km/h,3 km/h,5 km/h,9 km/h,10 km/h,10 km/h,6 km/h,6 km/h,6 km/h,7 km/h,8 km/h,13 km/h,13 km/h,11 km/h,9 km/h,12 km/h,6 km/h,10 km/h,10 km/h,12 km/h,14 km/h,11 km/h,5 km/h,4 km/h,5 km/h,5 km/h,5 km/h,7 km/h,9 km/h
SNEŽNIK,na 500 m,rahel jug,rahel jugo-vzhod,rahel jug,rahel jug,rahel jugo-zahod,rahel jugo-zahod,rahel jugo-zahod,rahel jugo-zahod,rahel jug,rahel jug,rahel jugo-zahod,rahel jugo-zahod,rahel jugo-zahod,rahel jugo-zahod,rahel zahod,rahel jugo-zahod,rahel jug,rahel jug,rahel jug,rahel jug,rahel jugo-zahod,rahel jugo-zahod,rahel jugo-zahod,rahel jugo-zahod,rahel jug,rahel jugo-vzhod,rahel jugo-vzhod,rahel jugo-vzhod,rahel jugo-vzhod,rahel jug,rahel jugo-zahod
SNEŽNIK,hitrost,1 km/h,3 km/h,4 km/h,3 km/h,5 km/h,8 km/h,9 km/h,8 km/h,5 km/h,5 km/h,6 km/h,7 km/h,7 km/h,11 km/h,12 km/h,9 km/h,7 km/h,10 km/h,4 km/h,9 km/h,9 km/h,10 km/h,13 km/h,10 km/h,3 km/h,5 km/h,5 km/h,6 km/h,3 km/h,5 km/h,8 km/h
SNEŽNIK,,,,,,,,,,,,,,,,,,,,,,,,,,,,,,,,
SNEŽNIK,Vlažnost,,,,,,,,,,,,,,,,,,,,,,,,,,,,,,,
SNEŽNIK,na 5500 m,31 %,88 %,54 %,42 %,42 %,48 %,43 %,45 %,34 %,38 %,45 %,58 %,63 %,66 %,48 %,18 %,16 %,13 %,63 %,58 %,22 %,11 %,11 %,10 %,8 %,7 %,6 %,13 %,21 %,39 %,50 %
SNEŽNIK,na 3000 m,47 %,49 %,48 %,50 %,48 %,49 %,53 %,54 %,36 %,35 %,42 %,42 %,39 %,41 %,49 %,57 %,43 %,59 %,56 %,49 %,54 %,47 %,41 %,36 %,36 %,48 %,76 %,79 %,68 %,52 %,36 %
SNEŽNIK,na 2500 m,51 %,52 %,74 %,63 %,49 %,38 %,47 %,54 %,53 %,31 %,44 %,40 %,36 %,35 %,44 %,45 %,37 %,52 %,49 %,42 %,43 %,32 %,37 %,53 %,57 %,72 %,76 %,73 %,52 %,56 %,33 %
SNEŽNIK,na 2000 m,52 %,47 %,62 %,70 %,66 %,52 %,39 %,47 %,52 %,64 %,47 %,42 %,42 %,40 %,38 %,38 %,51 %,45 %,70 %,44 %,41 %,32 %,70 %,74 %,66 %,77 %,75 %,86 %,59 %,70 %,45 %
SNEŽNIK,na 1500 m,67 %,46 %,46 %,63 %,72 %,73 %,74 %,69 %,49 %,57 %,72 %,65 %,54 %,54 %,58 %,58 %,47 %,44 %,62 %,59 %,55 %,64 %,68 %,75 %,67 %,69 %,78 %,64 %,69 %,68 %,52 %
SNEŽNIK,na 1000 m,85 %,71 %,55 %,58 %,62 %,58 %,57 %,60 %,84 %,79 %,72 %,70 %,63 %,55 %,52 %,64 %,81 %,74 %,75 %,81 %,78 %,58 %,52 %,60 %,93 %,84 %,87 %,89 %,85 %,54 %,42 %
SNEŽNIK,na 500 m,82 %,66 %,48 %,51 %,60 %,59 %,58 %,60 %,82 %,73 %,64 %,62 %,59 %,55 %,53 %,64 %,77 %,70 %,68 %,77 %,78 %,58 %,53 %,60 %,91 %,80 %,84 %,86 %,85 %,55 %,42 %
SNEŽNIK,,,,,,,,,,,,,,,,,,,,,,,,,,,,,,,,
SNEŽNIK,Stabilnost,labilno,stabilno,stabilno,labilno,labilno,labilno,močno labilno,labilno,rahlo labilno,labilno,močno labilno,labilno,labilno,labilno,labilno,labilno,labilno,labilno,močno labilno,labilno,rahlo labilno,labilno,labilno,labilno,rahlo labilno,labilno,labilno,rahlo labilno,rahlo labilno,labilno,stabilno
SNEŽNIK,,,,,,,,,,,,,,,,,,,,,,,,,,,,,,,,
ŠKOFJELOŠKO HRIBOVJE,Izračun: Sreda 26.08.2026 14 CEST,Sr 20 CEST,Sr 23 CEST,Če 02 CEST,Če 05 CEST,Če 08 CEST,Če 11 CEST,Če 14 CEST,Če 17 CEST,Če 20 CEST,Če 23 CEST,Pe 02 CEST,Pe 05 CEST,Pe 08 CEST,Pe 11 CEST,Pe 14 CEST,Pe 17 CEST,Pe 20 CEST,Pe 23 CEST,So 02 CEST,So 05 CEST,So 08 CEST,So 11 CEST,So 14 CEST,So 17 CEST,So 20 CEST,So 23 CEST,Ne 02 CEST,Ne 05 CEST,Ne 08 CEST,Ne 11 CEST,Ne 14 CEST
ŠKOFJELOŠKO HRIBOVJE,,,,,,,,,,,,,,,,,,,,,,,,,,,,,,,,
ŠKOFJELOŠKO HRIBOVJE
ŠKOFJELOŠKO HRIBOVJE,Vreme na 1500 m,pretežno oblačno,oblačno,jasno,jasno,jasno,oblačno,delno oblačno,pretežno oblačno,pretežno jasno,jasno,jasno,pretežno jasno,jasno,pretežno oblačno,pretežno jasno,pretežno jasno,pretežno jasno,pretežno jasno,jasno rahel/-lo/-la dež,pretežno oblačno,pretežno oblačno,pretežno oblačno rahel/-lo/-la dež,pretežno oblačno rahel/-lo/-la dež,delno oblačno,delno oblačno,pretežno jasno,jasno,delno oblačno,delno oblačno,jasno,delno oblačno rahel/-lo/-la dež
ŠKOFJELOŠKO HRIBOVJE,,,,,,,,,,,,,,,,,,,,,,,,,,,,,,,,
ŠKOFJELOŠKO HRIBOVJE,Temperatura,,,,,,,,,,,,,,,,,,,,,,,,,,,,,,,
ŠKOFJELOŠKO HRIBOVJE,na 5500 m,-8 °C,-8 °C,-8 °C,-8 °C,-8 °C,-8 °C,-7 °C,-6 °C,-6 °C,-5 °C,-5 °C,-5 °C,-6 °C,-5 °C,-4 °C,-4 °C,-6 °C,-6 °C,-8 °C,-8 °C,-8 °C,-8 °C,-8 °C,-8 °C,-8 °C,-8 °C,-8 °C,-8 °C,-8 °C,-8 °C,-8 °C
ŠKOFJELOŠKO HRIBOVJE,na 3000 m,9 °C,8 °C,8 °C,10 °C,11 °C,11 °C,12 °C,12 °C,13 °C,14 °C,14 °C,14 °C,14 °C,14 °C,12 °C,12 °C,10 °C,9 °C,9 °C,9 °C,8 °C,8 °C,7 °C,7 °C,7 °C,6 °C,6 °C,6 °C,6 °C,6 °C,7 °C
ŠKOFJELOŠKO HRIBOVJE,na 2500 m,11 °C,11 °C,11 °C,12 °C,14 °C,14 °C,15 °C,15 °C,16 °C,17 °C,17 °C,17 °C,18 °C,17 °C,16 °C,15 °C,14 °C,13 °C,13 °C,12 °C,11 °C,10 °C,10 °C,11 °C,10 °C,9 °C,9 °C,9 °C,8 °C,9 °C,10 °C
ŠKOFJELOŠKO HRIBOVJE,na 2000 m,14 °C,14 °C,14 °C,13 °C,15 °C,17 °C,17 °C,18 °C,17 °C,18 °C,19 °C,20 °C,20 °C,20 °C,20 °C,18 °C,18 °C,17 °C,16 °C,15 °C,14 °C,13 °C,13 °C,13 °C,13 °C,12 °C,12 °C,12 °C,12 °C,12 °C,13 °C
ŠKOFJELOŠKO HRIBOVJE,na 1500 m,17 °C,17 °C,17 °C,16 °C,16 °C,17 °C,17 °C,18 °C,19 °C,19 °C,19 °C,19 °C,21 °C,20 °C,22 °C,21 °C,20 °C,19 °C,18 °C,18 °C,16 °C,16 °C,16 °C,16 °C,16 °C,16 °C,16 °C,16 °C,15 °C,15 °C,16 °C
ŠKOFJELOŠKO HRIBOVJE,na 1000 m,20 °C,20 °C,20 °C,19 °C,19 °C,21 °C,22 °C,22 °C,21 °C,20 °C,20 °C,20 °C,21 °C,22 °C,24 °C,24 °C,22 °C,22 °C,20 °C,20 °C,19 °C,19 °C,21 °C,21 °C,20 °C,19 °C,18 °C,18 °C,18 °C,19 °C,21 °C
ŠKOFJELOŠKO HRIBOVJE,na 500 m,24 °C,24 °C,23 °C,22 °C,22 °C,25 °C,26 °C,26 °C,24 °C,23 °C,23 °C,23 °C,23 °C,26 °C,27 °C,27 °C,25 °C,24 °C,23 °C,23 °C,22 °C,23 °C,25 °C,25 °C,24 °C,23 °C,21 °C,21 °C,21 °C,23 °C,25 °C
ŠKOFJELOŠKO HRIBOVJE,,,,,,,,,,,,,,,,,,,,,,,,,,,,,,,,
ŠKOFJELOŠKO HRIBOVJE,Višina ničte izoterme,4375 m,4222 m,4279 m,4390 m,4388 m,4387 m,4554 m,4618 m,4766 m,4783 m,4858 m,4849 m,4781 m,4834 m,4921 m,4677 m,4568 m,4432 m,4146 m,4252 m,4229 m,4225 m,4242 m,4240 m,4183 m,4249 m,4163 m,4088 m,4149 m,4266 m,4297 m
ŠKOFJELOŠKO HRIBOVJE,Meja sneženja,4088 m,3948 m,3973 m,4141 m,4127 m,4134 m,4293 m,4357 m,4501 m,4530 m,4594 m,4599 m,4540 m,4566 m,4572 m,4282 m,4315 m,4061 m,3857 m,3954 m,3903 m,3914 m,3937 m,3860 m,3816 m,3845 m,3820 m,3729 m,3805 m,3857 m,3771 m
ŠKOFJELOŠKO HRIBOVJE,,,,,,,,,,,,,,,,,,,,,,,,,,,,,,,,
ŠKOFJELOŠKO HRIBOVJE,Veter,,,,,,,,,,,,,,,,,,,,,,,,,,,,,,,
ŠKOFJELOŠKO HRIBOVJE,na 5500 m,močan zahod,zmeren zahod,zmeren zahod,močan zahod,močan zahod,močan zahod,močan zahod,močan zahod,močan zahod,močan severo-zahod,močan zahod,močan zahod,zmeren zahod,močan zahod,močan zahod,močan zahod,močan zahod,močan jugo-zahod,močan jugo-zahod,močan zahod,močan zahod,močan zahod,močan zahod,močan zahod,zmeren zahod,zmeren zahod,zmeren zahod,zmeren zahod,zmeren zahod,zmeren zahod,zmeren zahod
ŠKOFJELOŠKO HRIBOVJE,hitrost,67 km/h,42 km/h,53 km/h,69 km/h,66 km/h,64 km/h,72 km/h,71 km/h,66 km/h,66 km/h,68 km/h,60 km/h,51 km/h,60 km/h,73 km/h,93 km/h,116 km/h,118 km/h,113 km/h,93 km/h,76 km/h,81 km/h,72 km/h,65 km/h,50 km/h,41 km/h,36 km/h,35 km/h,32 km/h,31 km/h,31 km/h
ŠKOFJELOŠKO HRIBOVJE,na 3000 m,zmeren zahod,zmeren jugo-zahod,zmeren zahod,zmeren zahod,zmeren severo-zahod,zmeren zahod,močan zahod,močan zahod,močan zahod,zmeren zahod,močan zahod,močan zahod,močan zahod,močan zahod,močan zahod,močan zahod,močan zahod,močan jugo-zahod,močan jugo-zahod,močan jugo-zahod,močan zahod,zmeren zahod,zmeren jugo-zahod,zmeren jugo-zahod,zmeren jugo-zahod,zmeren zahod,zmeren jugo-zahod,zmeren jugo-zahod,rahel zahod,rahel jugo-zahod,rahel jugo-zahod
ŠKOFJELOŠKO HRIBOVJE,hitrost,22 km/h,26 km/h,33 km/h,44 km/h,36 km/h,50 km/h,60 km/h,66 km/h,66 km/h,53 km/h,69 km/h,73 km/h,72 km/h,84 km/h,98 km/h,106 km/h,104 km/h,91 km/h,86 km/h,84 km/h,84 km/h,51 km/h,35 km/h,26 km/h,22 km/h,22 km/h,27 km/h,23 km/h,11 km/h,10 km/h,12 km/h
ŠKOFJELOŠKO HRIBOVJE,na 2500 m,zmeren zahod,zmeren jugo-zahod,zmeren zahod,zmeren zahod,zmeren zahod,zmeren zahod,zmeren zahod,močan zahod,močan zahod,močan zahod,močan zahod,močan zahod,močan zahod,močan zahod,močan zahod,močan zahod,močan zahod,močan jugo-zahod,močan jugo-zahod,močan jugo-zahod,močan zahod,zmeren jugo-zahod,zmeren jugo-zahod,zmeren jugo-zahod,zmeren jugo-zahod,zmeren zahod,zmeren zahod,rahel jugo-zahod,rahel jugo-zahod,rahel jugo-vzhod,rahel jug
ŠKOFJELOŠKO HRIBOVJE,hitrost,20 km/h,31 km/h,27 km/h,40 km/h,32 km/h,52 km/h,54 km/h,59 km/h,67 km/h,61 km/h,78 km/h,87 km/h,85 km/h,81 km/h,88 km/h,107 km/h,89 km/h,78 km/h,89 km/h,71 km/h,62 km/h,37 km/h,27 km/h,24 km/h,21 km/h,24 km/h,27 km/h,17 km/h,7 km/h,8 km/h,10 km/h
ŠKOFJELOŠKO HRIBOVJE,na 2000 m,zmeren jugo-zahod,zmeren jugo-zahod,zmeren jugo-zahod,zmeren zahod,zmeren zahod,zmeren zahod,zmeren zahod,zmeren zahod,močan zahod,močan zahod,močan zahod,močan zahod,močan zahod,močan zahod,močan zahod,močan zahod,močan zahod,močan jugo-zahod,močan jugo-zahod,zmeren zahod,zmeren jugo-zahod,zmeren jugo-zahod,zmeren jugo-zahod,rahel jugo-zahod,rahel jugo-zahod,zmeren jugo-zahod,zmeren jugo-zahod,rahel jugo-zahod,rahel jug,rahel jug,rahel jug
ŠKOFJELOŠKO HRIBOVJE,hitrost,20 km/h,31 km/h,22 km/h,32 km/h,34 km/h,42 km/h,45 km/h,53 km/h,61 km/h,55 km/h,66 km/h,77 km/h,76 km/h,66 km/h,73 km/h,81 km/h,77 km/h,65 km/h,72 km/h,53 km/h,42 km/h,35 km/h,25 km/h,17 km/h,14 km/h,19 km/h,22 km/h,14 km/h,8 km/h,9 km/h,10 km/h
ŠKOFJELOŠKO HRIBOVJE,na 1500 m,zmeren jugo-zahod,zmeren jugo-zahod,rahel jugo-zahod,zmeren jugo-zahod,zmeren zahod,zmeren zahod,zmeren zahod,zmeren zahod,zmeren zahod,zmeren zahod,zmeren zahod,močan zahod,zmeren zahod,močan zahod,močan zahod,zmeren jugo-zahod,zmeren jugo-zahod,zmeren jugo-zahod,zmeren jugo-zahod,zmeren jugo-zahod,zmeren jugo-zahod,zmeren jugo-zahod,zmeren jugo-zahod,rahel jugo-zahod,rahel jugo-zahod,rahel jug,rahel jug,rahel jug,rahel jugo-vzhod,rahel jugo-vzhod,rahel jugo-vzhod
ŠKOFJELOŠKO HRIBOVJE,hitrost,20 km/h,19 km/h,15 km/h,21 km/h,34 km/h,31 km/h,32 km/h,37 km/h,39 km/h,43 km/h,45 km/h,55 km/h,54 km/h,58 km/h,59 km/h,52 km/h,50 km/h,39 km/h,43 km/h,30 km/h,31 km/h,18 km/h,19 km/h,12 km/h,15 km/h,9 km/h,8 km/h,5 km/h,12 km/h,10 km/h,8 km/h
ŠKOFJELOŠKO HRIBOVJE,na 1000 m,rahel zahod,rahel zahod,rahel jug,rahel zahod,rahel zahod,rahel jugo-zahod,zmeren jugo-zahod,zmeren zahod,zmeren zahod,zmeren zahod,zmeren zahod,zmeren zahod,zmeren zahod,zmeren zahod,zmeren zahod,zmeren jugo-zahod,zmeren zahod,rahel zahod,rahel jugo-zahod,rahel jug,rahel jugo-vzhod,rahel jugo-zahod,rahel jugo-zahod,rahel jugo-zahod,rahel zahod,rahel vzhod,rahel severo-vzhod,rahel severo-vzhod,rahel severo-vzhod,rahel vzhod,rahel jugo-vzhod
ŠKOFJELOŠKO HRIBOVJE,hitrost,10 km/h,3 km/h,4 km/h,6 km/h,17 km/h,17 km/h,25 km/h,23 km/h,21 km/h,24 km/h,24 km/h,29 km/h,27 km/h,27 km/h,26 km/h,21 km/h,18 km/h,13 km/h,10 km/h,4 km/h,2 km/h,1 km/h,16 km/h,13 km/h,10 km/h,8 km/h,10 km/h,10 km/h,12 km/h,9 km/h,8 km/h
ŠKOFJELOŠKO HRIBOVJE,na 500 m,rahel zahod,rahel severo-zahod,rahel severo-zahod,rahel severo-zahod,rahel zahod,rahel jugo-zahod,rahel jugo-zahod,rahel jugo-zahod,rahel zahod,rahel zahod,rahel zahod,rahel zahod,rahel zahod,rahel zahod,rahel jugo-zahod,rahel jugo-zahod,rahel jugo-zahod,rahel zahod,rahel severo-zahod,rahel severo-zahod,rahel severo-zahod,rahel jug,rahel jugo-zahod,rahel jugo-zahod,rahel zahod,rahel sever,rahel severo-zahod,rahel severo-zahod,rahel sever,rahel vzhod,rahel jugo-vzhod
ŠKOFJELOŠKO HRIBOVJE,hitrost,4 km/h,5 km/h,5 km/h,5 km/h,4 km/h,8 km/h,11 km/h,9 km/h,5 km/h,6 km/h,6 km/h,7 km/h,5 km/h,11 km/h,10 km/h,8 km/h,3 km/h,5 km/h,4 km/h,4 km/h,1 km/h,1 km/h,8 km/h,6 km/h,3 km/h,3 km/h,3 km/h,4 km/h,1 km/h,5 km/h,4 km/h
ŠKOFJELOŠKO HRIBOVJE,,,,,,,,,,,,,,,,,,,,,,,,,,,,,,,,
ŠKOFJELOŠKO HRIBOVJE,Vlažnost,,,,,,,,,,,,,,,,,,,,,,,,,,,,,,,
ŠKOFJELOŠKO HRIBOVJE,na 5500 m,40 %,75 %,50 %,41 %,46 %,50 %,32 %,30 %,34 %,40 %,25 %,39 %,59 %,65 %,50 %,20 %,34 %,28 %,66 %,21 %,11 %,11 %,12 %,12 %,30 %,10 %,15 %,22 %,38 %,40 %,45 %
ŠKOFJELOŠKO HRIBOVJE,na 3000 m,56 %,60 %,56 %,40 %,35 %,50 %,53 %,53 %,28 %,23 %,36 %,36 %,34 %,40 %,50 %,46 %,48 %,67 %,58 %,50 %,32 %,49 %,43 %,59 %,73 %,76 %,43 %,70 %,55 %,46 %,54 %
ŠKOFJELOŠKO HRIBOVJE,na 2500 m,54 %,58 %,65 %,61 %,39 %,46 %,44 %,50 %,47 %,27 %,38 %,40 %,35 %,32 %,42 %,43 %,48 %,74 %,61 %,44 %,38 %,64 %,56 %,50 %,65 %,86 %,78 %,81 %,88 %,72 %,64 %
ŠKOFJELOŠKO HRIBOVJE,na 2000 m,53 %,61 %,71 %,80 %,67 %,52 %,38 %,44 %,60 %,52 %,43 %,41 %,38 %,39 %,36 %,43 %,54 %,68 %,78 %,58 %,60 %,72 %,72 %,57 %,71 %,89 %,82 %,79 %,83 %,83 %,71 %
ŠKOFJELOŠKO HRIBOVJE,na 1500 m,58 %,55 %,59 %,72 %,84 %,71 %,77 %,66 %,60 %,70 %,74 %,69 %,52 %,60 %,42 %,55 %,67 %,72 %,81 %,83 %,90 %,90 %,77 %,73 %,75 %,75 %,76 %,78 %,88 %,83 %,78 %
ŠKOFJELOŠKO HRIBOVJE,na 1000 m,66 %,63 %,66 %,66 %,65 %,71 %,68 %,72 %,78 %,73 %,71 %,73 %,74 %,76 %,67 %,68 %,72 %,72 %,73 %,76 %,82 %,84 %,61 %,58 %,69 %,71 %,78 %,76 %,77 %,76 %,61 %
ŠKOFJELOŠKO HRIBOVJE,na 500 m,77 %,83 %,78 %,80 %,81 %,63 %,60 %,66 %,86 %,90 %,91 %,92 %,86 %,67 %,60 %,62 %,82 %,94 %,91 %,86 %,90 %,78 %,56 %,52 %,76 %,81 %,88 %,91 %,87 %,66 %,56 %
ŠKOFJELOŠKO HRIBOVJE,,,,,,,,,,,,,,,,,,,,,,,,,,,,,,,,
ŠKOFJELOŠKO HRIBOVJE,Stabilnost,rahlo labilno,rahlo labilno,rahlo labilno,labilno,močno labilno,labilno,močno labilno,rahlo labilno,rahlo labilno,labilno,labilno,labilno,labilno,labilno,stabilno,rahlo labilno,močno labilno,labilno,močno labilno,močno labilno,močno labilno,močno labilno,labilno,labilno,labilno,labilno,labilno,labilno,labilno,labilno,labilno
ŠKOFJELOŠKO HRIBOVJE,,,,,,,,,,,,,,,,,,,,,,,,,,,,,,,,
VZHODNOSLOVENSKO HRIBOVJE,Izračun: Sreda 26.08.2026 14 CEST,Sr 20 CEST,Sr 23 CEST,Če 02 CEST,Če 05 CEST,Če 08 CEST,Če 11 CEST,Če 14 CEST,Če 17 CEST,Če 20 CEST,Če 23 CEST,Pe 02 CEST,Pe 05 CEST,Pe 08 CEST,Pe 11 CEST,Pe 14 CEST,Pe 17 CEST,Pe 20 CEST,Pe 23 CEST,So 02 CEST,So 05 CEST,So 08 CEST,So 11 CEST,So 14 CEST,So 17 CEST,So 20 CEST,So 23 CEST,Ne 02 CEST,Ne 05 CEST,Ne 08 CEST,Ne 11 CEST,Ne 14 CEST
VZHODNOSLOVENSKO HRIBOVJE,,,,,,,,,,,,,,,,,,,,,,,,,,,,,,,,
VZHODNOSLOVENSKO HRIBOVJE
VZHODNOSLOVENSKO HRIBOVJE,Vreme na 1500 m,pretežno oblačno,oblačno,pretežno oblačno,jasno,jasno,delno oblačno,delno oblačno,pretežno oblačno,pretežno oblačno,pretežno jasno,jasno,jasno,jasno,delno oblačno,pretežno oblačno,pretežno jasno,pretežno oblačno,delno oblačno,delno oblačno,pretežno jasno,oblačno,pretežno oblačno,pretežno oblačno rahel/-lo/-la dež,pretežno jasno rahel/-lo/-la dež,delno oblačno,jasno,jasno,jasno,delno oblačno,pretežno jasno,pretežno jasno rahel/-lo/-la dež
VZHODNOSLOVENSKO HRIBOVJE,,,,,,,,,,,,,,,,,,,,,,,,,,,,,,,,
VZHODNOSLOVENSKO HRIBOVJE,Temperatura,,,,,,,,,,,,,,,,,,,,,,,,,,,,,,,
VZHODNOSLOVENSKO HRIBOVJE,na 5500 m,-7 °C,-9 °C,-9 °C,-8 °C,-8 °C,-8 °C,-8 °C,-7 °C,-6 °C,-6 °C,-5 °C,-5 °C,-5 °C,-6 °C,-5 °C,-3 °C,-4 °C,-5 °C,-8 °C,-8 °C,-10 °C,-8 °C,-8 °C,-7 °C,-8 °C,-8 °C,-8 °C,-8 °C,-8 °C,-8 °C,-8 °C
VZHODNOSLOVENSKO HRIBOVJE,na 3000 m,7 °C,9 °C,9 °C,9 °C,10 °C,10 °C,11 °C,11 °C,12 °C,13 °C,14 °C,14 °C,14 °C,14 °C,13 °C,12 °C,12 °C,10 °C,10 °C,10 °C,8 °C,8 °C,7 °C,8 °C,6 °C,8 °C,7 °C,6 °C,5 °C,6 °C,7 °C
VZHODNOSLOVENSKO HRIBOVJE,na 2500 m,10 °C,11 °C,11 °C,11 °C,13 °C,14 °C,15 °C,15 °C,15 °C,15 °C,16 °C,17 °C,17 °C,18 °C,16 °C,16 °C,17 °C,14 °C,13 °C,14 °C,12 °C,11 °C,10 °C,9 °C,10 °C,10 °C,10 °C,9 °C,8 °C,9 °C,10 °C
VZHODNOSLOVENSKO HRIBOVJE,na 2000 m,13 °C,13 °C,14 °C,14 °C,14 °C,18 °C,17 °C,18 °C,18 °C,17 °C,18 °C,19 °C,20 °C,20 °C,21 °C,20 °C,20 °C,18 °C,17 °C,17 °C,16 °C,13 °C,12 °C,13 °C,12 °C,12 °C,12 °C,13 °C,12 °C,12 °C,12 °C
VZHODNOSLOVENSKO HRIBOVJE,na 1500 m,18 °C,17 °C,17 °C,17 °C,17 °C,18 °C,18 °C,21 °C,21 °C,20 °C,19 °C,20 °C,20 °C,19 °C,23 °C,23 °C,23 °C,22 °C,21 °C,20 °C,19 °C,16 °C,16 °C,17 °C,16 °C,16 °C,16 °C,16 °C,16 °C,15 °C,16 °C
VZHODNOSLOVENSKO HRIBOVJE,na 1000 m,22 °C,21 °C,20 °C,21 °C,20 °C,20 °C,23 °C,25 °C,23 °C,23 °C,22 °C,22 °C,21 °C,22 °C,26 °C,27 °C,25 °C,25 °C,24 °C,24 °C,22 °C,19 °C,20 °C,19 °C,20 °C,20 °C,19 °C,19 °C,19 °C,18 °C,21 °C
VZHODNOSLOVENSKO HRIBOVJE,na 500 m,25 °C,23 °C,22 °C,22 °C,21 °C,25 °C,29 °C,30 °C,26 °C,24 °C,24 °C,23 °C,22 °C,27 °C,31 °C,32 °C,28 °C,26 °C,26 °C,24 °C,23 °C,24 °C,25 °C,24 °C,21 °C,21 °C,21 °C,20 °C,19 °C,24 °C,26 °C
VZHODNOSLOVENSKO HRIBOVJE,,,,,,,,,,,,,,,,,,,,,,,,,,,,,,,,
VZHODNOSLOVENSKO HRIBOVJE,Višina ničte izoterme,4366 m,4275 m,4183 m,4377 m,4349 m,4373 m,4419 m,4490 m,4594 m,4764 m,4857 m,4845 m,4812 m,4797 m,4828 m,5092 m,4866 m,4688 m,4220 m,4047 m,4050 m,4264 m,4182 m,4272 m,4265 m,4185 m,4070 m,3977 m,4053 m,4198 m,4197 m
VZHODNOSLOVENSKO HRIBOVJE,Meja sneženja,4008 m,4016 m,3948 m,4067 m,4073 m,4115 m,4170 m,4227 m,4322 m,4504 m,4582 m,4587 m,4560 m,4557 m,4574 m,4759 m,4558 m,4411 m,3946 m,3827 m,3756 m,3857 m,3843 m,3939 m,3931 m,3859 m,3765 m,3626 m,3661 m,3740 m,3822 m
VZHODNOSLOVENSKO HRIBOVJE,,,,,,,,,,,,,,,,,,,,,,,,,,,,,,,,
VZHODNOSLOVENSKO HRIBOVJE,Veter,,,,,,,,,,,,,,,,,,,,,,,,,,,,,,,
VZHODNOSLOVENSKO HRIBOVJE,na 5500 m,močan severo-zahod,zmeren zahod,zmeren zahod,močan zahod,močan severo-zahod,močan zahod,močan zahod,močan zahod,močan severo-zahod,močan zahod,močan zahod,močan severo-zahod,zmeren zahod,zmeren zahod,zmeren zahod,zmeren jugo-zahod,močan zahod,močan zahod,močan jugo-zahod,močan zahod,močan jugo-zahod,močan zahod,močan zahod,močan zahod,zmeren zahod,zmeren zahod,zmeren zahod,zmeren zahod,zmeren zahod,zmeren zahod,zmeren zahod
VZHODNOSLOVENSKO HRIBOVJE,hitrost,77 km/h,44 km/h,37 km/h,60 km/h,73 km/h,70 km/h,72 km/h,73 km/h,58 km/h,65 km/h,68 km/h,63 km/h,53 km/h,53 km/h,49 km/h,50 km/h,83 km/h,90 km/h,103 km/h,84 km/h,80 km/h,77 km/h,82 km/h,69 km/h,53 km/h,46 km/h,41 km/h,35 km/h,39 km/h,33 km/h,29 km/h
VZHODNOSLOVENSKO HRIBOVJE,na 3000 m,zmeren zahod,zmeren zahod,zmeren zahod,zmeren zahod,zmeren severo-zahod,zmeren zahod,zmeren zahod,zmeren zahod,zmeren zahod,zmeren zahod,močan zahod,močan zahod,močan zahod,močan zahod,močan zahod,močan zahod,močan zahod,močan zahod,močan jugo-zahod,močan jugo-zahod,močan zahod,močan zahod,močan jugo-zahod,zmeren jugo-zahod,zmeren zahod,zmeren zahod,zmeren zahod,zmeren jugo-zahod,zmeren zahod,rahel jugo-zahod,zmeren jugo-zahod
VZHODNOSLOVENSKO HRIBOVJE,hitrost,31 km/h,28 km/h,33 km/h,30 km/h,35 km/h,28 km/h,49 km/h,53 km/h,54 km/h,40 km/h,65 km/h,75 km/h,74 km/h,80 km/h,94 km/h,97 km/h,98 km/h,96 km/h,81 km/h,77 km/h,79 km/h,71 km/h,54 km/h,52 km/h,32 km/h,25 km/h,32 km/h,35 km/h,23 km/h,17 km/h,20 km/h
VZHODNOSLOVENSKO HRIBOVJE,na 2500 m,zmeren zahod,zmeren zahod,zmeren zahod,zmeren zahod,zmeren zahod,zmeren zahod,zmeren zahod,zmeren zahod,močan zahod,zmeren zahod,močan zahod,močan zahod,močan zahod,močan zahod,močan zahod,močan zahod,močan zahod,močan zahod,močan jugo-zahod,močan jugo-zahod,močan zahod,zmeren zahod,zmeren jugo-zahod,zmeren jugo-zahod,zmeren zahod,zmeren zahod,zmeren zahod,zmeren zahod,zmeren jugo-zahod,rahel jugo-zahod,rahel jugo-zahod
VZHODNOSLOVENSKO HRIBOVJE,hitrost,26 km/h,28 km/h,31 km/h,27 km/h,30 km/h,23 km/h,49 km/h,46 km/h,56 km/h,40 km/h,63 km/h,89 km/h,88 km/h,76 km/h,80 km/h,94 km/h,96 km/h,81 km/h,78 km/h,72 km/h,67 km/h,49 km/h,42 km/h,41 km/h,30 km/h,33 km/h,30 km/h,26 km/h,18 km/h,15 km/h,18 km/h
VZHODNOSLOVENSKO HRIBOVJE,na 2000 m,zmeren jugo-zahod,zmeren jugo-zahod,zmeren jugo-zahod,zmeren jugo-zahod,zmeren zahod,zmeren zahod,zmeren zahod,zmeren zahod,močan zahod,zmeren zahod,zmeren zahod,močan zahod,močan zahod,močan zahod,močan zahod,močan zahod,močan zahod,močan zahod,močan jugo-zahod,močan jugo-zahod,zmeren zahod,zmeren jugo-zahod,zmeren jugo-zahod,zmeren jugo-zahod,zmeren zahod,zmeren zahod,zmeren zahod,zmeren zahod,rahel jugo-zahod,rahel jug,rahel jugo-zahod
VZHODNOSLOVENSKO HRIBOVJE,hitrost,23 km/h,21 km/h,26 km/h,29 km/h,33 km/h,31 km/h,46 km/h,42 km/h,55 km/h,44 km/h,48 km/h,77 km/h,84 km/h,66 km/h,77 km/h,84 km/h,88 km/h,71 km/h,65 km/h,69 km/h,50 km/h,36 km/h,22 km/h,31 km/h,22 km/h,27 km/h,28 km/h,21 km/h,8 km/h,14 km/h,14 km/h
VZHODNOSLOVENSKO HRIBOVJE,na 1500 m,rahel jugo-zahod,rahel jugo-zahod,zmeren jugo-zahod,zmeren jugo-zahod,zmeren zahod,zmeren zahod,zmeren zahod,zmeren zahod,zmeren zahod,zmeren zahod,zmeren zahod,močan zahod,močan zahod,močan zahod,močan zahod,močan zahod,močan zahod,močan jugo-zahod,zmeren jugo-zahod,zmeren zahod,zmeren jugo-zahod,zmeren jugo-zahod,rahel jugo-vzhod,rahel jugo-zahod,zmeren jugo-zahod,rahel jugo-zahod,rahel jugo-zahod,rahel jugo-zahod,rahel jug,rahel jug,rahel jug
VZHODNOSLOVENSKO HRIBOVJE,hitrost,11 km/h,15 km/h,19 km/h,24 km/h,31 km/h,41 km/h,28 km/h,33 km/h,47 km/h,46 km/h,46 km/h,57 km/h,55 km/h,55 km/h,61 km/h,55 km/h,67 km/h,57 km/h,46 km/h,52 km/h,33 km/h,22 km/h,16 km/h,17 km/h,18 km/h,12 km/h,14 km/h,11 km/h,7 km/h,10 km/h,6 km/h
VZHODNOSLOVENSKO HRIBOVJE,na 1000 m,rahel jugo-zahod,zmeren jugo-zahod,zmeren jug,zmeren jugo-zahod,zmeren zahod,rahel zahod,zmeren jugo-zahod,zmeren zahod,zmeren zahod,zmeren zahod,zmeren zahod,zmeren zahod,zmeren zahod,rahel jugo-zahod,zmeren jugo-zahod,zmeren zahod,zmeren jugo-zahod,zmeren jugo-zahod,zmeren zahod,zmeren jugo-zahod,zmeren jugo-zahod,zmeren vzhod,rahel vzhod,zmeren vzhod,rahel jugo-vzhod,rahel jugo-vzhod,rahel jug,rahel jug,rahel vzhod,rahel vzhod,rahel jugo-vzhod
VZHODNOSLOVENSKO HRIBOVJE,hitrost,6 km/h,23 km/h,21 km/h,26 km/h,22 km/h,15 km/h,21 km/h,22 km/h,39 km/h,42 km/h,40 km/h,39 km/h,32 km/h,15 km/h,26 km/h,37 km/h,46 km/h,44 km/h,38 km/h,33 km/h,20 km/h,18 km/h,16 km/h,19 km/h,11 km/h,10 km/h,10 km/h,5 km/h,6 km/h,9 km/h,5 km/h
VZHODNOSLOVENSKO HRIBOVJE,na 500 m,rahel jugo-vzhod,rahel jug,rahel jug,rahel jugo-zahod,rahel jugo-zahod,rahel zahod,rahel jugo-zahod,rahel zahod,rahel zahod,rahel jugo-zahod,rahel zahod,rahel jugo-zahod,rahel jugo-zahod,rahel jugo-zahod,rahel jugo-zahod,zmeren jugo-zahod,rahel jugo-zahod,rahel zahod,rahel zahod,rahel jugo-zahod,rahel vzhod,rahel vzhod,rahel severo-vzhod,rahel severo-vzhod,rahel severo-vzhod,rahel sever,rahel severo-zahod,rahel severo-zahod,rahel sever,rahel vzhod,rahel jugo-vzhod
VZHODNOSLOVENSKO HRIBOVJE,hitrost,3 km/h,7 km/h,4 km/h,5 km/h,4 km/h,7 km/h,14 km/h,13 km/h,16 km/h,14 km/h,12 km/h,8 km/h,5 km/h,6 km/h,16 km/h,21 km/h,18 km/h,16 km/h,15 km/h,8 km/h,6 km/h,15 km/h,14 km/h,15 km/h,7 km/h,7 km/h,5 km/h,4 km/h,5 km/h,6 km/h,3 km/h
VZHODNOSLOVENSKO HRIBOVJE,,,,,,,,,,,,,,,,,,,,,,,,,,,,,,,,
VZHODNOSLOVENSKO HRIBOVJE,Vlažnost,,,,,,,,,,,,,,,,,,,,,,,,,,,,,,,
VZHODNOSLOVENSKO HRIBOVJE,na 5500 m,35 %,56 %,92 %,46 %,41 %,46 %,51 %,33 %,26 %,34 %,24 %,33 %,47 %,63 %,64 %,36 %,21 %,28 %,63 %,80 %,99 %,9 %,7 %,7 %,9 %,12 %,10 %,14 %,24 %,35 %,40 %
VZHODNOSLOVENSKO HRIBOVJE,na 3000 m,60 %,52 %,51 %,49 %,42 %,36 %,50 %,54 %,52 %,34 %,32 %,36 %,33 %,37 %,40 %,51 %,44 %,48 %,61 %,50 %,53 %,45 %,62 %,50 %,61 %,43 %,40 %,79 %,82 %,80 %,55 %
VZHODNOSLOVENSKO HRIBOVJE,na 2500 m,75 %,54 %,56 %,53 %,50 %,35 %,42 %,49 %,57 %,45 %,33 %,40 %,35 %,32 %,40 %,44 %,35 %,47 %,63 %,43 %,40 %,46 %,81 %,86 %,73 %,43 %,50 %,80 %,86 %,77 %,72 %
VZHODNOSLOVENSKO HRIBOVJE,na 2000 m,81 %,79 %,54 %,60 %,69 %,40 %,49 %,38 %,54 %,57 %,49 %,43 %,38 %,42 %,32 %,35 %,33 %,50 %,56 %,46 %,37 %,71 %,93 %,81 %,82 %,77 %,75 %,73 %,80 %,83 %,82 %
VZHODNOSLOVENSKO HRIBOVJE,na 1500 m,67 %,72 %,65 %,50 %,73 %,65 %,74 %,50 %,44 %,54 %,65 %,63 %,60 %,65 %,39 %,41 %,42 %,48 %,52 %,53 %,54 %,84 %,83 %,73 %,78 %,76 %,73 %,72 %,79 %,85 %,77 %
VZHODNOSLOVENSKO HRIBOVJE,na 1000 m,54 %,59 %,58 %,50 %,60 %,71 %,58 %,50 %,59 %,48 %,57 %,66 %,69 %,65 %,52 %,39 %,52 %,52 %,48 %,58 %,64 %,81 %,67 %,75 %,69 %,67 %,68 %,71 %,70 %,76 %,61 %
VZHODNOSLOVENSKO HRIBOVJE,na 500 m,52 %,61 %,62 %,61 %,62 %,56 %,46 %,40 %,55 %,64 %,63 %,64 %,67 %,52 %,41 %,31 %,50 %,62 %,61 %,61 %,67 %,62 %,53 %,60 %,66 %,66 %,68 %,75 %,77 %,60 %,48 %
VZHODNOSLOVENSKO HRIBOVJE,,,,,,,,,,,,,,,,,,,,,,,,,,,,,,,,
VZHODNOSLOVENSKO HRIBOVJE,Stabilnost,labilno,labilno,labilno,rahlo labilno,labilno,labilno,močno labilno,labilno,labilno,labilno,labilno,labilno,labilno,labilno,rahlo labilno,rahlo labilno,rahlo labilno,labilno,labilno,labilno,labilno,močno labilno,labilno,labilno,labilno,labilno,labilno,labilno,labilno,labilno,labilno
VZHODNOSLOVENSKO HRIBOVJE,,,,,,,,,,,,,,,,,,,,,,,,,,,,,,,,
